8.038602769374847412e-02,4.215564578771591187e-02,1.037004068493843079e-01,8.515595644712448120e-02,6.070136651396751404e-02,6.209039315581321716e-02,-2.117294585332274437e-03,7.052902597934007645e-03,-1.371380127966403961e-02,5.148673057556152344e-02,-1.058896556496620178e-01,1.047852411866188049e-01,8.026117831468582153e-02,8.017661981284618378e-03,-3.033397952094674110e-03,-2.018995210528373718e-02,-6.121879816055297852e-02,4.896568134427070618e-02,-4.786400124430656433e-02,7.084749639034271240e-02,5.782409757375717163e-02,3.764262795448303223e-02,-1.928057894110679626e-02,4.334542155265808105e-02,1.243758946657180786e-01,5.037877708673477173e-02,4.283839464187622070e-02,5.655971914529800415e-02,9.348773397505283356e-03,-4.669048264622688293e-02,-1.882243901491165161e-02,5.439719557762145996e-02,-1.966755464673042297e-02,9.501938521862030029e-02,1.630321741104125977e-01,5.242349579930305481e-02,7.755611836910247803e-02,2.442869544029235840e-02,5.303285643458366394e-02,5.503050610423088074e-02,1.132532954216003418e-01,-1.025342644425109029e-04,-2.741093002259731293e-02,8.962685614824295044e-02,1.648955605924129486e-02,6.914991140365600586e-02,-8.347440510988235474e-02,-6.122991442680358887e-02,6.274622678756713867e-02,6.392300128936767578e-02
-1.182220205664634705e-01,-7.896161824464797974e-02,1.201663464307785034e-01,-1.657060384750366211e-01,-1.780027449131011963e-01,-1.036718189716339111e-01,7.429081015288829803e-03,-6.422396004199981689e-02,-1.164618507027626038e-01,-4.188441857695579529e-02,8.712588809430599213e-03,1.085981577634811401e-01,7.944294810295104980e-02,-4.648701846599578857e-02,-1.310252100229263306e-01,-1.223737522959709167e-01,-4.486090689897537231e-02,-1.757550090551376343e-01,-1.496855020523071289e-01,-8.455642312765121460e-02,-1.836799979209899902e-01,3.134785220026969910e-02,-1.515503227710723877e-01,-7.829043082892894745e-03,1.290783137083053589e-01,-7.822827994823455811e-02,-1.443152874708175659e-01,-6.968715786933898926e-02,4.854327999055385590e-03,-1.480170786380767822e-01,-5.666426196694374084e-02,-1.098309084773063660e-01,-1.696368902921676636e-01,-9.647696465253829956e-02,-3.620973974466323853e-02,3.737840428948402405e-02,7.258383929729461670e-02,5.958468839526176453e-02,-8.615715056657791138e-02,-7.116743177175521851e-02,-2.087680250406265259e-01,-7.155562937259674072e-02,-7.327332347631454468e-02,-7.804013043642044067e-02,1.576586961746215820e-01,-6.636240333318710327e-02,7.032209634780883789e-02,1.369259208440780640e-01,-1.741205900907516479e-01,6.850548833608627319e-02
7.802054286003112793e-02,1.418533641844987869e-02,4.901482909917831421e-02,1.187698841094970703e-01,-3.468536213040351868e-02,1.272573024034500122e-01,1.278746221214532852e-02,8.264731615781784058e-02,1.293512284755706787e-01,7.346933335065841675e-02,-1.785320937633514404e-01,9.355395287275314331e-02,6.416058540344238281e-02,-9.027774445712566376e-03,6.141207739710807800e-02,8.698140084743499756e-02,-1.122722476720809937e-01,8.217108249664306641e-02,2.257161540910601616e-03,4.515019804239273071e-02,4.550450295209884644e-02,6.847879290580749512e-02,5.215362086892127991e-02,1.480895839631557465e-02,9.834492206573486328e-02,1.320622581988573074e-02,-1.348226424306631088e-02,-7.249034196138381958e-02,2.246231585741043091e-02,-6.948417052626609802e-03,-6.668649613857269287e-02,2.416376210749149323e-02,2.881235070526599884e-02,-5.414277315139770508e-03,-5.555621162056922913e-02,1.038277614861726761e-02,1.617350876331329346e-01,1.616529524326324463e-01,-1.469764020293951035e-02,8.827224373817443848e-02,1.353133171796798706e-01,-3.253300487995147705e-02,-1.359588466584682465e-02,2.314493991434574127e-03,6.296428292989730835e-02,-2.868654206395149231e-03,8.561656624078750610e-02,7.411986589431762695e-02,1.215685904026031494e-01,1.343735605478286743e-01
7.792690396308898926e-02,-8.363141678273677826e-03,7.657139748334884644e-02,8.959107100963592529e-02,-9.623721241950988770e-03,5.876107141375541687e-02,-6.801512092351913452e-02,-5.261517316102981567e-02,1.127750263549387455e-03,1.425575744360685349e-02,-1.753805279731750488e-01,2.357270009815692902e-02,9.145337343215942383e-02,-6.223331764340400696e-02,6.739790737628936768e-02,7.346752565354108810e-03,-1.279423478990793228e-02,1.306414697319269180e-02,-3.145310655236244202e-02,7.428557425737380981e-02,4.262413829565048218e-02,-2.701118402183055878e-02,1.488916277885437012e-01,6.283984985202550888e-03,7.378647476434707642e-02,3.051526471972465515e-02,2.913485467433929443e-02,1.459087580442428589e-01,-8.031628094613552094e-03,-1.088391020894050598e-01,9.935560077428817749e-02,1.621532719582319260e-03,1.224462240934371948e-01,6.284634023904800415e-02,4.731297865509986877e-02,8.372575789690017700e-02,6.912422180175781250e-02,6.626800447702407837e-02,1.204211637377738953e-01,2.536388114094734192e-02,8.506839722394943237e-02,1.116519719362258911e-01,-4.093362018465995789e-02,1.029353309422731400e-02,5.870214104652404785e-02,5.464003980159759521e-02,-3.451569750905036926e-02,-1.025346014648675919e-02,5.957014113664627075e-02,-4.496077820658683777e-02
-8.936845511198043823e-02,8.451104164123535156e-03,2.861435525119304657e-02,3.125101327896118164e-02,8.904276788234710693e-02,-6.228088587522506714e-02,-1.114900335669517517e-01,5.809519439935684204e-02,2.457650005817413330e-02,1.792178675532341003e-02,-2.152970135211944580e-01,-8.294463623315095901e-05,-2.848957106471061707e-02,-3.626193106174468994e-02,1.879394426941871643e-02,2.533918991684913635e-02,1.716469228267669678e-02,6.384907756000757217e-03,-1.372835785150527954e-02,-4.910528194159269333e-03,4.242639243602752686e-02,-2.045431546866893768e-02,5.461430922150611877e-02,3.670576959848403931e-02,9.923874586820602417e-02,-3.511137794703245163e-03,4.336874932050704956e-02,9.462082386016845703e-02,-9.986048564314842224e-03,-3.844844643026590347e-03,-3.154817596077919006e-02,-1.129402890801429749e-01,7.400956004858016968e-02,2.279129810631275177e-02,5.342593416571617126e-02,7.468895055353641510e-03,-4.775931127369403839e-03,5.433201440609991550e-04,3.706237301230430603e-02,8.255446329712867737e-03,5.726631730794906616e-02,5.265601351857185364e-02,-1.703898981213569641e-02,-1.743940636515617371e-02,1.058970764279365540e-02,1.376839913427829742e-02,1.102796643972396851e-01,4.088086634874343872e-02,2.291505225002765656e-02,-4.898861050605773926e-02
-8.111480623483657837e-03,-5.918253213167190552e-03,6.092942133545875549e-02,-8.787733502686023712e-03,2.534254267811775208e-02,4.345569759607315063e-02,1.920457929372787476e-02,3.575433790683746338e-02,4.473778884857892990e-03,5.833462346345186234e-03,1.216730847954750061e-02,2.039887756109237671e-02,4.273860156536102295e-02,4.968938603997230530e-02,-8.313325233757495880e-04,-2.107448317110538483e-02,-7.605944573879241943e-02,2.516899816691875458e-02,3.100106678903102875e-02,-4.535427689552307129e-02,7.998000830411911011e-02,3.662186861038208008e-02,-5.577310919761657715e-02,-1.542070042341947556e-02,4.462880268692970276e-02,-2.921480685472488403e-02,-1.079513225704431534e-02,-2.516921609640121460e-02,1.546107046306133270e-02,5.157154425978660583e-02,2.241903543472290039e-02,7.706453651189804077e-02,-3.402673825621604919e-02,2.460959833115339279e-03,-2.742090262472629547e-02,1.800851151347160339e-02,8.538439124822616577e-02,-1.035495474934577942e-02,5.429848283529281616e-02,1.252645510248839855e-03,7.144133746623992920e-02,-3.498064726591110229e-02,1.985817588865756989e-02,1.137048192322254181e-02,-9.362206910736858845e-04,2.066035754978656769e-02,-9.385565668344497681e-02,-2.790130861103534698e-02,6.853122264146804810e-02,9.574054926633834839e-02
7.598919421434402466e-02,-1.024085283279418945e-02,-6.344588939100503922e-03,2.782995812594890594e-03,6.022674217820167542e-02,8.565153926610946655e-02,2.102472260594367981e-02,-5.397921800613403320e-02,2.226849347352981567e-01,7.725428044795989990e-02,-1.986498478800058365e-03,-7.460945099592208862e-02,-5.312715843319892883e-02,-2.618823945522308350e-02,-1.847668201662600040e-03,4.252503067255020142e-02,-8.937354385852813721e-02,2.862121351063251495e-02,3.192344913259148598e-03,-3.238605335354804993e-02,7.401469629257917404e-03,-5.749022215604782104e-02,-8.722919970750808716e-02,3.660394996404647827e-02,-1.130487322807312012e-01,9.124586358666419983e-03,-6.720071192830801010e-03,-1.272944267839193344e-02,-7.454796228557825089e-03,5.248227622359991074e-03,-3.798032179474830627e-02,7.312953472137451172e-03,6.203434616327285767e-02,1.012087613344192505e-02,-1.209092326462268829e-02,2.665990777313709259e-02,-5.649624764919281006e-02,-3.512941300868988037e-02,9.978364221751689911e-03,-3.321895375847816467e-02,5.129373446106910706e-02,-3.630561009049415588e-02,4.411506280303001404e-02,3.686730936169624329e-02,-9.464974701404571533e-02,-2.194327488541603088e-02,-1.462141424417495728e-01,-8.987941592931747437e-02,8.341724053025245667e-03,-4.698017239570617676e-02
-1.487547438591718674e-02,3.398973122239112854e-02,2.130671963095664978e-02,1.010395884513854980e-01,4.675278067588806152e-02,1.918671466410160065e-02,1.358775043627247214e-04,9.506540745496749878e-02,2.111895568668842316e-02,1.349190529435873032e-02,-4.852625355124473572e-02,6.677851080894470215e-02,2.886288985610008240e-02,-5.456603830680251122e-04,2.872788719832897186e-02,6.918768584728240967e-02,-7.760392129421234131e-02,3.674371540546417236e-02,8.148767054080963135e-03,5.502930656075477600e-02,8.122966438531875610e-02,6.374029815196990967e-02,-5.885503813624382019e-02,8.191110193729400635e-02,-2.313856966793537140e-02,4.855767264962196350e-02,1.057636365294456482e-02,2.637723647058010101e-02,-3.020851872861385345e-04,-8.185116201639175415e-02,-5.529310554265975952e-03,1.483904011547565460e-02,1.038495078682899475e-02,8.733199536800384521e-02,2.539376541972160339e-02,4.413431510329246521e-02,6.183499842882156372e-02,1.554830521345138550e-01,2.786453813314437866e-02,2.008439786732196808e-02,1.061178445816040039e-01,-2.871683053672313690e-02,-4.699525982141494751e-02,1.260763034224510193e-02,-6.607459485530853271e-02,5.452175438404083252e-02,-1.590753532946109772e-02,-7.381868362426757812e-02,1.288609206676483154e-01,1.674203202128410339e-02
2.723288908600807190e-02,3.527064621448516846e-02,6.384652853012084961e-02,8.569717407226562500e-02,4.084719344973564148e-02,2.012489549815654755e-02,-2.840141393244266510e-02,3.093905933201313019e-02,-3.242227807641029358e-02,3.999068588018417358e-02,-5.461497232317924500e-02,6.667518615722656250e-02,2.496196888387203217e-02,5.986000970005989075e-02,5.519907921552658081e-02,6.821618881076574326e-03,-7.112216949462890625e-02,2.646619454026222229e-02,1.594183221459388733e-02,2.855609357357025146e-02,5.505397543311119080e-02,1.892348192632198334e-02,5.845479667186737061e-02,1.728008501231670380e-02,1.242028996348381042e-01,-3.930862993001937866e-03,4.988563433289527893e-02,1.686573214828968048e-02,1.043217163532972336e-02,-2.332383766770362854e-02,-4.236584529280662537e-02,6.618792656809091568e-03,-1.326647866517305374e-02,5.297191068530082703e-02,-3.959757834672927856e-02,4.140241816639900208e-02,8.346503973007202148e-02,5.062486976385116577e-02,4.624594748020172119e-02,2.058743499219417572e-02,6.413824111223220825e-02,-2.156457304954528809e-02,3.794549964368343353e-03,4.139020666480064392e-02,-4.820253327488899231e-02,7.743015419691801071e-03,-1.342787034809589386e-02,4.469757154583930969e-02,9.680932760238647461e-02,6.330227851867675781e-02
-1.122289299964904785e-01,-5.942293256521224976e-02,1.280555874109268188e-01,-4.856879636645317078e-02,-5.485956743359565735e-02,7.922522723674774170e-02,-1.262204349040985107e-01,-4.226695746183395386e-02,-3.212071582674980164e-02,-1.428846735507249832e-02,-5.780106410384178162e-02,1.023726388812065125e-01,1.078814566135406494e-01,-8.808548003435134888e-02,7.792674005031585693e-03,2.937825024127960205e-02,-1.279591917991638184e-01,-1.415467560291290283e-01,-5.075805261731147766e-02,1.663955673575401306e-02,-6.449523568153381348e-02,-3.073853999376296997e-02,-1.084956377744674683e-01,3.472519665956497192e-02,1.536778807640075684e-01,-7.722292561084032059e-03,-5.305462330579757690e-02,-2.819536812603473663e-02,3.879741532728075981e-03,-2.481699734926223755e-02,-3.067846223711967468e-02,-3.178734704852104187e-02,2.910638600587844849e-02,-3.344106674194335938e-02,-8.563257008790969849e-02,-3.929613623768091202e-03,1.325351893901824951e-01,1.628746837377548218e-01,-4.961568117141723633e-02,-4.166248813271522522e-02,2.915895543992519379e-02,4.170968383550643921e-02,6.123947352170944214e-02,-2.743442915380001068e-02,9.814460575580596924e-02,-1.170039921998977661e-01,8.714765310287475586e-02,1.202886626124382019e-01,-2.622968517243862152e-02,1.082584187388420105e-01
5.528257042169570923e-02,-1.467569358646869659e-02,9.185348637402057648e-03,-2.140551339834928513e-03,6.728658080101013184e-02,1.955349743366241455e-02,-2.022656798362731934e-02,-1.625840552151203156e-02,2.858074754476547241e-02,5.750981718301773071e-02,-8.224214613437652588e-02,6.046932190656661987e-02,-3.140081092715263367e-02,-1.918445527553558350e-02,-2.573589561507105827e-03,-3.399556875228881836e-02,-7.761985063552856445e-02,3.046438097953796387e-02,-2.370132692158222198e-02,-3.302510827779769897e-03,-7.676901668310165405e-02,-8.705068379640579224e-03,3.522617742419242859e-02,-5.827042739838361740e-03,3.013784764334559441e-03,-2.487065084278583527e-02,-2.787209674715995789e-02,-4.474375024437904358e-02,-2.022902481257915497e-02,-9.935687994584441185e-04,3.577748313546180725e-02,9.946515411138534546e-02,4.117686673998832703e-02,-3.467927128076553345e-02,2.714969217777252197e-02,3.879188746213912964e-02,-1.093805395066738129e-02,-2.569472417235374451e-02,-1.284896582365036011e-02,-1.160606625489890575e-03,1.264426670968532562e-02,5.641155689954757690e-02,4.367442801594734192e-02,-1.943110674619674683e-02,2.275145798921585083e-02,4.698981996625661850e-03,7.296912372112274170e-02,3.009538864716887474e-03,3.500441834330558777e-02,1.277086697518825531e-02
-6.709568202495574951e-02,5.949158221483230591e-03,1.152595877647399902e-01,1.086953468620777130e-02,-3.821512684226036072e-02,3.212546929717063904e-02,-6.372623890638351440e-02,-3.051332384347915649e-02,-8.051115437410771847e-04,1.210266724228858948e-02,7.519929669797420502e-03,3.594799712300300598e-02,6.606947630643844604e-02,-4.172632936388254166e-03,7.286706566810607910e-02,-1.514503825455904007e-02,1.860271207988262177e-03,3.791962563991546631e-02,4.284976050257682800e-02,4.517094418406486511e-02,2.756069041788578033e-02,-9.889042004942893982e-03,-1.468183472752571106e-02,1.205687783658504486e-02,4.631430655717849731e-02,7.489343732595443726e-02,-1.126169227063655853e-02,-1.562331151217222214e-02,-2.957160584628582001e-03,-1.405244618654251099e-01,-2.887946180999279022e-02,4.782612621784210205e-02,-1.987550407648086548e-02,4.123299196362495422e-02,5.975009873509407043e-02,4.875970259308815002e-02,1.839151256717741489e-03,-5.171814933419227600e-03,4.587709531188011169e-02,6.399992853403091431e-02,-2.166741341352462769e-02,-3.997358307242393494e-02,1.067559197545051575e-01,-4.832398146390914917e-02,-1.236811187118291855e-02,6.182928383350372314e-02,-8.212349563837051392e-02,1.735685206949710846e-02,4.774854704737663269e-02,-1.789870485663414001e-02
-5.954258143901824951e-02,-8.962775580585002899e-03,2.344065724173560739e-04,2.244259044528007507e-02,-1.633303984999656677e-02,-1.577238179743289948e-02,-6.037950888276100159e-02,3.113832697272300720e-02,3.868260979652404785e-02,8.572774380445480347e-02,-8.727332949638366699e-02,4.108744487166404724e-02,-2.337663806974887848e-02,5.172831006348133087e-03,1.568340696394443512e-02,5.154398456215858459e-02,-1.089375540614128113e-01,8.439118415117263794e-02,1.132385525852441788e-02,-5.172928795218467712e-03,-2.977695316076278687e-02,4.294175188988447189e-03,-2.169171720743179321e-02,1.685242727398872375e-02,7.507894188165664673e-04,-3.160610562190413475e-03,-2.430598437786102295e-02,9.509114921092987061e-02,8.767696563154459000e-04,-5.657892674207687378e-03,8.091146498918533325e-02,-2.280460204929113388e-03,-2.837166935205459595e-02,3.746243938803672791e-02,1.337508391588926315e-02,1.120553910732269287e-02,7.692179828882217407e-02,1.975754089653491974e-02,2.582816034555435181e-02,-3.768442664295434952e-03,-1.248148735612630844e-02,-1.885452494025230408e-02,3.552117384970188141e-03,9.285715641453862190e-04,-2.562079019844532013e-02,2.755203470587730408e-02,-4.823112115263938904e-02,2.371011115610599518e-02,3.125276416540145874e-02,2.610045298933982849e-02
6.364097446203231812e-02,1.807273714803159237e-03,2.931525744497776031e-02,2.899025380611419678e-02,1.141511276364326477e-01,-9.526338428258895874e-03,-5.646106228232383728e-02,-1.966681890189647675e-02,1.784026622772216797e-02,3.786533698439598083e-02,1.216667797416448593e-02,-8.726390078663825989e-03,5.879777297377586365e-02,1.018893420696258545e-01,1.342417858541011810e-02,8.111742138862609863e-02,-1.263281702995300293e-02,6.502079963684082031e-02,3.409395366907119751e-02,4.518764559179544449e-03,-6.408783793449401855e-02,3.652293980121612549e-02,3.347068652510643005e-02,-1.719678193330764771e-02,2.453730069100856781e-02,4.493176937103271484e-02,4.899537190794944763e-02,-2.021315274760127068e-03,1.341249514371156693e-02,9.198346175253391266e-03,1.391479372978210449e-02,2.723356708884239197e-02,7.025476545095443726e-02,1.155284494161605835e-01,4.066636040806770325e-02,4.714466258883476257e-02,1.290137134492397308e-02,4.190050065517425537e-02,6.901979446411132812e-02,-2.861528284847736359e-02,7.507932931184768677e-02,-1.976468600332736969e-02,2.742897020652890205e-03,1.404666453599929810e-01,-2.569560520350933075e-02,3.804907202720642090e-02,1.806777343153953552e-02,1.078237071633338928e-01,9.192089550197124481e-03,3.432574868202209473e-02
-3.735563158988952637e-02,5.846948828548192978e-03,3.830366581678390503e-02,1.970191486179828644e-02,-2.741642296314239502e-02,3.004707768559455872e-02,-6.960882339626550674e-03,-3.058940358459949493e-02,9.424303472042083740e-02,3.053164295852184296e-02,1.802584528923034668e-02,1.443421840667724609e-02,4.330523684620857239e-02,-2.986820880323648453e-03,2.728852210566401482e-03,2.037485688924789429e-02,-9.060973674058914185e-02,7.584430743008852005e-03,2.523936890065670013e-02,-1.624926179647445679e-02,8.870422840118408203e-02,5.580205470323562622e-02,-3.230451792478561401e-02,-2.394563518464565277e-02,-3.423053771257400513e-02,-3.970562294125556946e-02,1.508054975420236588e-02,2.976468019187450409e-02,-1.703057624399662018e-02,1.678922912105917931e-03,-4.920580983161926270e-02,9.095477871596813202e-03,3.251692652702331543e-02,-4.868613556027412415e-03,-7.358092814683914185e-02,2.611918002367019653e-02,1.662715710699558258e-02,7.277983240783214569e-03,3.284641727805137634e-02,-4.127908498048782349e-03,9.694544970989227295e-02,-5.873768404126167297e-02,1.660922728478908539e-02,-9.503794834017753601e-03,5.178093444555997849e-03,1.027220394462347031e-02,5.747263319790363312e-03,-6.792891770601272583e-02,4.807767271995544434e-02,2.175377868115901947e-02
8.541528135538101196e-03,2.177203074097633362e-02,-8.431673049926757812e-03,-7.779162842780351639e-03,1.809504441916942596e-02,6.661863625049591064e-02,4.426143597811460495e-03,-2.426120080053806305e-02,7.179670780897140503e-02,1.220587920397520065e-02,6.498479098081588745e-02,3.638108819723129272e-02,1.158387027680873871e-02,-9.816764853894710541e-03,1.628820085898041725e-03,4.783056303858757019e-02,-2.521644532680511475e-02,5.656664445996284485e-02,1.346226595342159271e-02,-2.187877334654331207e-02,5.532687157392501831e-02,-1.321086287498474121e-02,-4.430223628878593445e-02,2.428790926933288574e-02,2.195841819047927856e-02,1.972727291285991669e-02,6.090836599469184875e-03,1.703131571412086487e-02,-7.406543008983135223e-03,5.707093328237533569e-02,1.399479992687702179e-02,1.664122007787227631e-02,-4.051407799124717712e-03,-3.990816418081521988e-03,2.223177626729011536e-02,5.261404812335968018e-02,-3.087508259341120720e-03,4.869160801172256470e-02,3.833859786391258240e-02,-1.936786063015460968e-02,9.747668355703353882e-02,-4.463377967476844788e-02,1.543153636157512665e-02,3.427956253290176392e-02,7.139758765697479248e-02,1.723103597760200500e-02,-4.317786917090415955e-02,-2.000848948955535889e-02,3.692895546555519104e-02,8.553523570299148560e-03
-5.119384080171585083e-02,4.585904255509376526e-02,-2.375955507159233093e-02,-4.533886164426803589e-02,2.286380343139171600e-02,5.710318684577941895e-02,3.161058574914932251e-02,-2.788876183331012726e-02,-4.277784004807472229e-02,2.817474305629730225e-02,-5.929563660174608231e-03,9.983276948332786560e-03,5.903439968824386597e-02,-2.242511883378028870e-02,-6.582991778850555420e-02,1.868917979300022125e-02,6.587561219930648804e-02,4.397099837660789490e-02,-1.793246157467365265e-02,1.058197394013404846e-02,-5.750328302383422852e-03,-4.141735285520553589e-02,-1.972297020256519318e-02,2.721298951655626297e-03,1.109561473131179810e-01,-5.245054140686988831e-03,-2.391779795289039612e-02,-2.839294262230396271e-02,-1.297675818204879761e-02,-1.797987380996346474e-03,-5.887450650334358215e-03,7.054622471332550049e-02,-1.819553971290588379e-02,4.334059357643127441e-02,1.217030175030231476e-02,7.181736081838607788e-02,1.273370441049337387e-02,4.483272880315780640e-02,-5.466728657484054565e-02,-2.056054398417472839e-02,1.099406406283378601e-01,-5.154889076948165894e-02,3.076794184744358063e-02,-6.723927333950996399e-03,4.399713873863220215e-02,-4.305570572614669800e-02,-2.825665101408958435e-02,-6.265328079462051392e-02,-2.290757372975349426e-02,4.393089190125465393e-02
2.712013944983482361e-02,-1.201748196035623550e-02,9.074070304632186890e-02,7.829828560352325439e-02,6.186962872743606567e-02,-8.708283305168151855e-02,8.052358031272888184e-02,1.669213734567165375e-02,-5.934756621718406677e-02,-4.849556088447570801e-02,1.610177941620349884e-02,2.700470946729183197e-02,9.564623981714248657e-02,5.611581355333328247e-02,5.400944128632545471e-02,-6.361864972859621048e-03,-8.213605731725692749e-02,-2.712344378232955933e-02,3.282036259770393372e-02,5.431509390473365784e-02,3.655469790101051331e-02,8.990267664194107056e-02,8.527074009180068970e-02,1.739669218659400940e-02,3.404736146330833435e-02,1.976239681243896484e-02,3.203965025022625923e-03,-5.230334401130676270e-02,-7.375401328317821026e-04,6.706167012453079224e-02,1.433683838695287704e-02,1.680613309144973755e-01,6.574665894731879234e-04,7.004112750291824341e-02,9.799443185329437256e-02,1.063266620039939880e-01,3.345600515604019165e-02,1.239460483193397522e-01,3.024094179272651672e-02,8.434288203716278076e-02,-1.167568471282720566e-02,5.958869680762290955e-02,1.064173951745033264e-01,4.777575284242630005e-02,1.735255867242813110e-02,3.412593156099319458e-02,-6.186513346619904041e-04,7.064596563577651978e-02,6.050363928079605103e-02,2.430314384400844574e-02
3.498038649559020996e-02,-1.205511856824159622e-03,5.514100566506385803e-02,4.593065381050109863e-02,6.492599844932556152e-02,7.420368492603302002e-02,-6.851653009653091431e-02,2.587120234966278076e-02,-1.576686091721057892e-02,5.849845334887504578e-02,-5.478866025805473328e-02,1.455920841544866562e-02,-8.364965207874774933e-03,1.606125198304653168e-02,3.205929696559906006e-02,4.942351579666137695e-02,-7.438020408153533936e-02,1.137179136276245117e-01,5.542735010385513306e-02,1.270040776580572128e-02,3.162006661295890808e-02,-2.016592398285865784e-02,3.423524321988224983e-03,2.843326702713966370e-02,4.912513494491577148e-02,5.819521378725767136e-03,-2.541307173669338226e-02,-5.224316567182540894e-02,-1.444712397642433643e-03,-3.596542775630950928e-02,-1.556955557316541672e-02,-3.246966749429702759e-02,1.223809048533439636e-01,4.678670782595872879e-03,-4.477706551551818848e-02,3.940641880035400391e-02,2.518144063651561737e-02,5.461180210113525391e-02,3.553836420178413391e-02,8.626853115856647491e-03,1.447299718856811523e-01,-8.107334375381469727e-02,3.917999938130378723e-02,3.866776078939437866e-02,5.165727809071540833e-02,9.061200916767120361e-02,2.215404063463211060e-03,3.518134728074073792e-02,8.258868008852005005e-02,7.099530100822448730e-02
5.572513118386268616e-02,1.987577416002750397e-02,7.276518642902374268e-02,1.780380308628082275e-01,7.586025446653366089e-02,-2.889617159962654114e-02,-5.420032143592834473e-02,1.008014753460884094e-01,1.932815648615360260e-02,-7.279621809720993042e-02,-1.523813009262084961e-01,4.232095181941986084e-02,1.336283087730407715e-01,-1.205241028219461441e-02,-1.255130115896463394e-02,3.733558580279350281e-02,-1.683881133794784546e-02,1.771376132965087891e-01,-4.227273911237716675e-02,2.973896218463778496e-03,8.527979254722595215e-02,1.933418400585651398e-02,6.892176717519760132e-02,1.421114895492792130e-03,9.004736691713333130e-02,-2.740803873166441917e-03,1.831095851957798004e-02,-2.741823159158229828e-02,-1.885516685433685780e-03,6.281964480876922607e-03,9.456907398998737335e-03,4.023903980851173401e-02,1.110323816537857056e-01,4.177527502179145813e-02,8.060137927532196045e-02,1.562498807907104492e-01,9.434746205806732178e-02,9.843686223030090332e-02,5.288602411746978760e-02,1.225216835737228394e-01,4.803474247455596924e-02,-6.554794311523437500e-02,-9.383003413677215576e-02,-4.619729891419410706e-02,1.259985715150833130e-01,1.807029545307159424e-01,6.246503908187150955e-03,4.164613410830497742e-02,1.524136215448379517e-01,1.560917049646377563e-01
-4.148387908935546875e-02,9.510102681815624237e-03,1.448917984962463379e-01,7.361871004104614258e-02,3.335903212428092957e-02,-3.826365992426872253e-02,-1.471594627946615219e-02,-1.268958952277898788e-02,-9.031922370195388794e-02,-1.063811928033828735e-01,3.590328246355056763e-02,9.991580992937088013e-02,1.123556401580572128e-02,9.573346935212612152e-03,5.898378416895866394e-02,-7.983967661857604980e-02,2.135738171637058258e-02,4.760155826807022095e-02,2.731830626726150513e-02,3.053833916783332825e-02,3.879997506737709045e-02,6.001460179686546326e-02,-7.275383686646819115e-04,-1.335524138994514942e-03,3.395975381135940552e-02,1.252928562462329865e-02,6.432303041219711304e-02,2.134368196129798889e-02,-5.094144959002733231e-03,-1.937473006546497345e-02,1.368616670370101929e-01,3.844426944851875305e-02,2.936733327805995941e-02,4.590638726949691772e-02,-2.567741647362709045e-02,7.323291897773742676e-02,2.151671610772609711e-02,1.296221911907196045e-01,1.610337756574153900e-02,4.851851984858512878e-02,-4.687996581196784973e-03,-1.290045585483312607e-02,4.049773514270782471e-02,2.332607284188270569e-02,1.065723896026611328e-01,3.366219624876976013e-02,-5.169087275862693787e-02,2.403673715889453888e-02,5.792029201984405518e-02,1.471337974071502686e-01
2.677295170724391937e-02,2.191624045372009277e-02,8.655802160501480103e-02,1.751552224159240723e-01,4.254255816340446472e-02,6.288504600524902344e-02,-6.021186336874961853e-02,-2.141295373439788818e-02,4.802669957280158997e-02,8.461160957813262939e-02,-6.417673826217651367e-02,7.154861837625503540e-02,9.528088569641113281e-02,4.819055646657943726e-02,5.858574807643890381e-02,6.583227217197418213e-02,-5.492954328656196594e-02,1.193622574210166931e-01,-1.735277287662029266e-02,1.011041626334190369e-01,8.861135691404342651e-02,4.336810111999511719e-02,3.795911744236946106e-02,2.601334080100059509e-02,1.392493546009063721e-01,2.437325753271579742e-02,2.086550556123256683e-02,7.622706890106201172e-02,1.331967022269964218e-02,2.140393713489174843e-03,3.155164048075675964e-02,3.763800859451293945e-02,1.535302400588989258e-02,1.050986722111701965e-01,4.585792496800422668e-02,4.886841773986816406e-02,4.797440394759178162e-02,9.896997362375259399e-02,9.852661192417144775e-02,6.068982556462287903e-02,7.133193314075469971e-02,-4.033900797367095947e-02,-2.974632009863853455e-02,4.500962421298027039e-02,7.020784914493560791e-02,7.981752604246139526e-02,5.568321794271469116e-02,9.078472107648849487e-02,1.105570495128631592e-01,1.011182144284248352e-01
7.965946197509765625e-02,-1.465361681766808033e-03,1.571461260318756104e-01,1.194468289613723755e-01,9.538419544696807861e-02,7.072793692350387573e-02,-8.785261213779449463e-02,1.997458375990390778e-02,1.959830988198518753e-03,1.137581244111061096e-01,-1.213978379964828491e-01,4.283381998538970947e-02,5.531103163957595825e-02,4.050220921635627747e-02,-2.145636361092329025e-03,6.761291623115539551e-02,-1.020224392414093018e-01,4.458856955170631409e-02,-2.050672471523284912e-02,1.077576950192451477e-01,6.261103600263595581e-02,-7.781649008393287659e-03,3.635339066386222839e-02,7.832925766706466675e-03,1.586950421333312988e-01,5.750547721982002258e-02,5.738149210810661316e-02,-4.469186998903751373e-03,-8.634026162326335907e-03,-5.379349738359451294e-02,2.114577405154705048e-02,-2.594833821058273315e-02,5.050325766205787659e-02,3.063425049185752869e-02,-2.910108072683215141e-03,3.373951837420463562e-02,2.133655101060867310e-01,1.517080217599868774e-01,7.926180958747863770e-02,5.368312355130910873e-03,1.385815739631652832e-01,-9.164825826883316040e-02,-4.714993014931678772e-02,1.700132340192794800e-02,5.555892735719680786e-02,6.401270627975463867e-02,4.681691899895668030e-02,4.148239269852638245e-02,1.232494711875915527e-01,7.207058370113372803e-02
1.869300380349159241e-02,1.796565949916839600e-02,7.890843600034713745e-02,1.304947137832641602e-01,1.042469441890716553e-01,1.684653609991073608e-01,-4.359499365091323853e-02,3.554847463965415955e-02,-9.666014462709426880e-03,3.879775106906890869e-02,-1.268149018287658691e-01,1.024699732661247253e-01,8.865146338939666748e-02,2.627829462289810181e-02,1.835940219461917877e-02,9.105589240789413452e-02,-4.351087659597396851e-02,1.077336594462394714e-01,-2.718996442854404449e-02,1.797129213809967041e-01,9.803873300552368164e-02,1.373707083985209465e-03,-1.925204135477542877e-02,3.770023211836814880e-02,1.705645918846130371e-01,8.209093660116195679e-02,4.299623891711235046e-02,-4.295201972126960754e-03,2.978133782744407654e-02,-6.617573648691177368e-02,-2.411048300564289093e-02,8.401859551668167114e-03,1.183169186115264893e-01,7.620552927255630493e-02,1.272849924862384796e-02,6.305496394634246826e-02,1.197412982583045959e-01,1.341570168733596802e-01,1.053124368190765381e-01,6.456751376390457153e-02,1.477929055690765381e-01,-2.969154715538024902e-02,-4.784554988145828247e-02,1.294483691453933716e-01,2.568016573786735535e-02,6.162789091467857361e-02,-1.494198944419622421e-02,8.190175145864486694e-02,1.540922224521636963e-01,6.870113313198089600e-02
1.007497683167457581e-01,-1.411356404423713684e-02,7.610580325126647949e-02,-9.308832138776779175e-02,3.009520657360553741e-02,1.958636380732059479e-02,-1.719016432762145996e-01,-5.378783494234085083e-02,-5.000159516930580139e-02,-6.107801105827093124e-03,-8.177234232425689697e-02,2.274413779377937317e-02,9.688656777143478394e-03,-1.041223295032978058e-02,-2.731951884925365448e-02,3.310394659638404846e-02,1.068622916936874390e-01,-1.665284633636474609e-01,-9.312478452920913696e-02,-6.483595818281173706e-02,-1.036746054887771606e-01,-2.345177531242370605e-01,1.490846741944551468e-02,-3.376850858330726624e-02,8.773516118526458740e-02,6.364870071411132812e-02,-6.040042266249656677e-02,-6.230115424841642380e-03,-1.487266086041927338e-02,-4.858399927616119385e-02,1.671575754880905151e-02,-8.900436572730541229e-03,-5.067915841937065125e-02,-1.167166605591773987e-01,-9.411855041980743408e-02,-4.794276133179664612e-02,7.002393901348114014e-02,3.894504532217979431e-02,-1.031833887100219727e-01,-4.238716792315244675e-03,-5.949202179908752441e-02,-1.885929405689239502e-01,-4.156382381916046143e-02,3.320748731493949890e-02,9.732153266668319702e-03,-1.226475685834884644e-01,6.310518831014633179e-02,-2.202684059739112854e-02,-6.753543019294738770e-02,6.340347230434417725e-02
-8.191406726837158203e-02,1.461066864430904388e-02,2.073989808559417725e-02,1.002752631902694702e-01,-4.538583382964134216e-02,2.025515027344226837e-02,-6.247986108064651489e-03,7.811523042619228363e-03,3.292257338762283325e-02,4.533652588725090027e-02,-8.453398197889328003e-02,-3.590051829814910889e-02,3.724722564220428467e-02,-4.508605343289673328e-04,7.410521805286407471e-02,-3.301562741398811340e-02,-9.217589348554611206e-02,-6.076716631650924683e-02,2.339029312133789062e-02,1.351666748523712158e-01,9.656368754804134369e-03,1.514348387718200684e-02,1.706867711618542671e-03,2.107447944581508636e-02,1.666052937507629395e-01,3.142939880490303040e-02,9.458139538764953613e-02,-8.265387266874313354e-03,2.336667478084564209e-02,-7.668345421552658081e-02,-4.496350884437561035e-02,9.775246493518352509e-03,3.825319185853004456e-02,2.005594410002231598e-02,4.835237283259630203e-03,7.174388319253921509e-02,8.084566146135330200e-02,8.271184563636779785e-02,1.774526014924049377e-02,-1.043554302304983139e-02,-1.947934925556182861e-02,-2.836750261485576630e-02,1.492221094667911530e-02,5.130574107170104980e-03,1.135132238268852234e-01,1.412178128957748413e-01,-1.406166981905698776e-02,4.840856045484542847e-02,5.503216385841369629e-02,5.120403692126274109e-02
5.070267617702484131e-02,1.438111718744039536e-02,3.537357971072196960e-02,3.382821381092071533e-02,-2.164263091981410980e-02,1.159557104110717773e-01,-1.722861975431442261e-01,2.210425958037376404e-02,-1.008466444909572601e-02,4.821140691637992859e-02,-2.573068998754024506e-02,4.399774596095085144e-02,2.085608663037419319e-03,8.124965243041515350e-04,1.710113696753978729e-02,-1.487032510340213776e-02,2.394375391304492950e-02,6.436504423618316650e-02,5.532228387892246246e-03,3.498946130275726318e-02,8.441668003797531128e-02,-2.426128834486007690e-02,-1.421587821096181870e-02,5.960421264171600342e-02,5.229132995009422302e-02,4.794068634510040283e-02,2.526055462658405304e-02,1.650306396186351776e-03,1.698572887107729912e-04,5.004007369279861450e-03,3.891308233141899109e-02,-3.064088895916938782e-02,-4.862831160426139832e-02,4.659561067819595337e-02,1.559166819788515568e-03,7.499573379755020142e-02,4.946433380246162415e-02,1.155394464731216431e-01,1.657909899950027466e-02,-1.102781016379594803e-02,1.078844964504241943e-01,9.784157387912273407e-03,7.082051783800125122e-02,3.881629789248108864e-03,-1.261673308908939362e-02,3.873004764318466187e-02,-1.595888659358024597e-02,-2.886973693966865540e-02,9.806828945875167847e-02,6.355465203523635864e-02
1.833412982523441315e-02,2.843932248651981354e-02,1.216547042131423950e-01,1.098915114998817444e-01,-2.924123965203762054e-02,5.244824662804603577e-02,3.113936865702271461e-03,7.859095185995101929e-02,-7.780532818287611008e-03,6.355913728475570679e-02,-2.481336705386638641e-02,-6.048094946891069412e-03,5.194688960909843445e-02,-3.191151842474937439e-02,2.793369349092245102e-03,3.277629986405372620e-02,-5.251388996839523315e-02,1.156533882021903992e-01,-1.291048899292945862e-02,3.116516629233956337e-03,-8.882574737071990967e-03,-4.010414332151412964e-02,7.423073053359985352e-02,-1.862422190606594086e-02,5.342192947864532471e-02,1.805890724062919617e-02,1.493333373218774796e-02,-3.347915410995483398e-02,1.578813418745994568e-02,7.044751197099685669e-02,4.680178314447402954e-02,2.349619381129741669e-02,7.256142050027847290e-02,3.249258920550346375e-02,3.169356286525726318e-02,3.945586457848548889e-02,5.963074788451194763e-02,1.060509979724884033e-01,7.218000292778015137e-02,6.452376395463943481e-02,9.177836775779724121e-02,9.527687914669513702e-03,-5.079919844865798950e-02,8.888249285519123077e-03,1.012788619846105576e-02,6.320679187774658203e-02,8.174698054790496826e-02,-5.538943689316511154e-03,1.375152617692947388e-01,1.293165087699890137e-01
-1.842711679637432098e-02,-1.091312617063522339e-02,9.116157144308090210e-02,5.835187062621116638e-02,5.407745763659477234e-02,6.977196037769317627e-02,-8.587361872196197510e-02,4.145660251379013062e-02,1.127517782151699066e-03,9.913621842861175537e-02,-9.355542063713073730e-02,1.181705854833126068e-02,2.430314756929874420e-02,6.531509757041931152e-02,-2.446416392922401428e-02,3.101233951747417450e-02,-3.161763399839401245e-02,1.165625452995300293e-01,6.415417417883872986e-03,7.162224501371383667e-02,5.161256343126296997e-02,1.174527872353792191e-02,9.609540551900863647e-02,8.596699684858322144e-02,1.469482630491256714e-01,4.903861135244369507e-02,-6.345058325678110123e-03,2.946431748569011688e-02,3.946323692798614502e-02,-4.389038681983947754e-02,7.544822245836257935e-02,-1.583236455917358398e-02,5.926550179719924927e-02,5.670456960797309875e-02,5.318512395024299622e-02,2.501658350229263306e-02,8.958819508552551270e-02,1.222832128405570984e-01,3.711326792836189270e-02,3.726633265614509583e-02,5.535303428769111633e-02,-2.397181838750839233e-02,6.378319859504699707e-02,4.510783776640892029e-02,3.266280144453048706e-02,1.815627142786979675e-02,6.826534867286682129e-02,-2.863014303147792816e-02,1.087891384959220886e-01,6.332924962043762207e-02
-5.443856120109558105e-02,-4.768741130828857422e-02,1.002435535192489624e-01,-5.951048806309700012e-02,-1.239167004823684692e-01,-3.370665013790130615e-02,1.233138963580131531e-01,-2.124708145856857300e-03,-2.520446898415684700e-03,-4.512676596641540527e-02,-7.486680895090103149e-02,4.077945277094841003e-02,5.042352527379989624e-02,-5.013550817966461182e-02,-5.913712456822395325e-02,-8.534234762191772461e-02,-1.997571140527725220e-01,-1.551051624119281769e-02,-1.083724852651357651e-02,-5.515160039067268372e-02,1.504727825522422791e-02,3.117106854915618896e-02,-2.901702001690864563e-02,-6.465347111225128174e-02,1.055731102824211121e-01,-7.581458985805511475e-02,-2.008243463933467865e-03,-8.972685784101486206e-02,7.973410189151763916e-03,-6.331896781921386719e-02,-2.705135755240917206e-02,-1.298824697732925415e-02,-8.470880985260009766e-02,-3.779849410057067871e-02,-1.216379553079605103e-02,-1.188712380826473236e-02,6.246428191661834717e-02,1.133424341678619385e-01,1.965200901031494141e-02,2.012649923563003540e-02,-4.699458926916122437e-02,-7.925863564014434814e-02,-1.992924883961677551e-02,-3.027091175317764282e-02,-6.798613816499710083e-03,-9.464675933122634888e-02,1.724171638488769531e-02,5.569697241298854351e-04,2.526722103357315063e-02,8.371464908123016357e-02
-1.327552497386932373e-01,-1.192800626158714294e-01,1.128760501742362976e-01,-1.311599165201187134e-01,-2.764430046081542969e-01,-9.855233132839202881e-02,-9.453678131103515625e-02,-7.291746791452169418e-03,-1.082366853952407837e-01,-1.690266281366348267e-01,-2.167565189301967621e-02,1.103591918945312500e-01,1.450963467359542847e-01,-4.874353483319282532e-02,1.722252368927001953e-02,-1.716613173484802246e-01,-5.734016373753547668e-02,-2.087453752756118774e-01,-1.319829076528549194e-01,-1.408624798059463501e-01,-2.784801125526428223e-01,-1.558689326047897339e-01,-8.515457063913345337e-02,-1.236826777458190918e-01,4.543214663863182068e-02,-8.856550604104995728e-02,-1.028242055326700211e-02,-1.251726448535919189e-01,-1.379445008933544159e-02,-1.903849840164184570e-01,-8.585897088050842285e-02,-1.705145835876464844e-01,-6.893280148506164551e-02,-1.293835043907165527e-02,-1.043346449732780457e-01,-4.008058831095695496e-02,1.289012134075164795e-01,9.768564254045486450e-02,-6.764860451221466064e-02,-1.457873731851577759e-01,-2.238183766603469849e-01,-7.340949028730392456e-02,-8.204513043165206909e-02,-7.774843275547027588e-02,1.003693491220474243e-01,-1.516831964254379272e-01,1.451735794544219971e-01,1.109955161809921265e-01,-1.514659970998764038e-01,3.413080051541328430e-02
1.652712188661098480e-02,-2.978397905826568604e-02,6.286805123090744019e-02,-9.391590021550655365e-03,9.699158370494842529e-02,6.004214286804199219e-02,-3.208262100815773010e-02,-7.398387044668197632e-02,-7.850691676139831543e-02,-7.174255698919296265e-02,4.587406292557716370e-03,-3.058788925409317017e-02,-3.053021058440208435e-02,-3.644760698080062866e-02,-2.425519004464149475e-02,3.047457151114940643e-02,3.441634774208068848e-02,8.702875114977359772e-03,-6.478794664144515991e-02,-2.488910779356956482e-02,5.905904108658432961e-04,-1.651527546346187592e-02,8.495269715785980225e-02,6.390748079866170883e-03,-1.515253633260726929e-01,6.807453930377960205e-02,-4.081590101122856140e-02,6.957065314054489136e-02,-2.459541335701942444e-02,7.360801845788955688e-02,-2.273606508970260620e-02,2.184015512466430664e-02,7.813236862421035767e-02,9.766171127557754517e-02,-1.903397962450981140e-02,-6.032779812812805176e-02,1.615947671234607697e-02,6.004954129457473755e-02,-3.452698141336441040e-02,-1.335910893976688385e-02,8.992175012826919556e-02,1.145380549132823944e-02,1.094450205564498901e-01,3.876465186476707458e-02,-3.209898713976144791e-03,-5.942009389400482178e-02,2.180749922990798950e-02,-2.068898640573024750e-02,-3.454175963997840881e-02,-7.215793430805206299e-02
6.068338826298713684e-02,1.314343605190515518e-02,2.255943603813648224e-02,8.872215449810028076e-02,7.299891114234924316e-02,1.090340036898851395e-02,-5.510578863322734833e-03,-1.353675220161676407e-02,-4.132007434964179993e-02,-3.402631357312202454e-02,-7.129534333944320679e-02,-8.017342537641525269e-02,7.580752670764923096e-02,6.574612925760447979e-04,-3.316261572763323784e-03,-9.372706525027751923e-03,-8.850445598363876343e-02,2.380941621959209442e-02,2.551095560193061829e-02,5.917962640523910522e-02,4.424806684255599976e-02,5.454392731189727783e-02,-7.737604319117963314e-04,7.640953641384840012e-03,8.665490895509719849e-02,-2.100035734474658966e-02,-4.950687754899263382e-03,8.242357522249221802e-03,-1.116674020886421204e-02,-5.268489941954612732e-03,3.592241927981376648e-02,2.556019835174083710e-02,3.920264169573783875e-02,1.733496598899364471e-02,1.564884372055530548e-02,4.298165813088417053e-02,7.365716993808746338e-02,4.951617494225502014e-02,2.946504019200801849e-02,-5.321624223142862320e-03,8.400511741638183594e-02,-8.828430622816085815e-02,-1.745708636008203030e-03,4.237082600593566895e-02,-1.788845658302307129e-02,6.008708477020263672e-02,-1.217145100235939026e-02,1.428224146366119385e-02,9.269515424966812134e-02,7.244215160608291626e-02
8.915138244628906250e-02,-1.892009377479553223e-02,-5.362062156200408936e-02,-7.924954593181610107e-02,1.254746615886688232e-01,1.010243743658065796e-01,3.757562488317489624e-02,-1.814724057912826538e-01,-1.468418817967176437e-02,8.047196269035339355e-02,-3.922165557742118835e-02,-1.698687374591827393e-01,-3.053718432784080505e-02,-3.196859359741210938e-02,-6.876065582036972046e-02,1.442869603633880615e-01,-3.052590787410736084e-02,1.037552133202552795e-01,-2.160294540226459503e-02,-5.757251754403114319e-02,5.765770003199577332e-02,-9.597338736057281494e-02,-7.340680062770843506e-02,-6.438458710908889771e-02,-3.089604973793029785e-01,-1.744138076901435852e-02,-7.247540168464183807e-03,2.842562459409236908e-02,2.805439289659261703e-03,7.772548496723175049e-02,-1.914139837026596069e-02,-1.001686677336692810e-01,1.230549141764640808e-01,-1.437390297651290894e-01,-2.280702069401741028e-02,-5.499758198857307434e-02,-1.154643222689628601e-01,-1.702520102262496948e-01,-5.692555755376815796e-02,-4.817391932010650635e-02,1.542251557111740112e-01,2.735460922122001648e-02,-4.962242022156715393e-02,1.328945043496787548e-03,-3.177387714385986328e-01,1.230909023433923721e-02,-8.869406580924987793e-02,-2.940006852149963379e-01,6.595997139811515808e-03,-2.389522790908813477e-01
-1.395676657557487488e-02,3.147469833493232727e-02,8.667014539241790771e-03,3.396868472918868065e-03,5.295184999704360962e-02,3.601356223225593567e-02,4.722626507282257080e-02,-3.866263851523399353e-02,2.218984067440032959e-02,-4.999077320098876953e-02,-1.749079115688800812e-02,3.338928148150444031e-02,-1.245451997965574265e-02,9.390031918883323669e-03,-7.114256266504526138e-03,-6.852810829877853394e-02,-5.672311782836914062e-02,-1.407697051763534546e-02,8.490944653749465942e-02,9.216704219579696655e-02,-1.383036281913518906e-02,-7.226348388940095901e-03,1.545817553997039795e-01,1.495306612923741341e-03,-6.207029521465301514e-02,-2.654246613383293152e-02,-9.061724878847599030e-03,-1.059714481234550476e-01,1.234635617583990097e-02,-5.232544988393783569e-02,-5.922617018222808838e-02,-4.828468337655067444e-02,-1.339891403913497925e-01,-5.963721871376037598e-02,-7.011044770479202271e-03,2.560995332896709442e-02,5.762675032019615173e-02,1.852373592555522919e-02,-3.828582540154457092e-02,-3.772498667240142822e-02,5.365062877535820007e-02,-6.986563652753829956e-02,4.591208416968584061e-03,-4.081830009818077087e-02,-6.593781523406505585e-03,-1.923411153256893158e-02,-2.872276492416858673e-02,-7.884075492620468140e-02,-6.817809492349624634e-02,1.585043966770172119e-02
-2.972139418125152588e-02,2.131720073521137238e-02,1.200690940022468567e-01,8.138876408338546753e-02,2.108124271035194397e-02,-2.032222226262092590e-02,1.639722660183906555e-02,1.425289828330278397e-02,1.157429739832878113e-01,4.547156020998954773e-02,-7.149561494588851929e-02,7.721313089132308960e-02,8.498841524124145508e-02,2.058002166450023651e-02,4.422699660062789917e-02,3.118699882179498672e-03,-5.542070139199495316e-03,6.814012676477432251e-02,-7.772633340209722519e-03,7.462295889854431152e-02,6.696258485317230225e-02,4.633428528904914856e-02,1.304529309272766113e-01,-4.175375797785818577e-04,1.370868980884552002e-01,-3.366005420684814453e-02,1.017509326338768005e-01,-1.069518253207206726e-01,2.494719997048377991e-02,-4.626075178384780884e-02,3.582556545734405518e-02,3.105558641254901886e-02,3.992410004138946533e-02,6.651543080806732178e-02,-3.519434109330177307e-02,8.777814358472824097e-02,4.329700395464897156e-02,1.349601149559020996e-01,-1.279200054705142975e-02,9.454043954610824585e-02,2.992286346852779388e-02,-4.700748622417449951e-02,2.397409873083233833e-03,-5.085687339305877686e-02,3.438392281532287598e-02,4.738209024071693420e-02,-2.846662513911724091e-02,3.212542831897735596e-02,6.906586140394210815e-02,2.582803554832935333e-02
6.426789611577987671e-02,3.411617130041122437e-02,1.437739562243223190e-02,1.544207148253917694e-02,3.168320655822753906e-02,-2.746671438217163086e-02,-4.244438023306429386e-04,4.189579188823699951e-02,-9.806022047996520996e-03,-4.367470275610685349e-03,9.457685984671115875e-03,-4.222453571856021881e-03,3.235149383544921875e-02,-2.575942873954772949e-02,2.451180852949619293e-02,-2.270467765629291534e-02,-3.902291879057884216e-02,-1.691699959337711334e-02,2.469186298549175262e-02,-1.573120430111885071e-02,7.518382370471954346e-02,-3.957636281847953796e-02,9.432612918317317963e-03,2.897150814533233643e-02,1.505175419151782990e-02,-4.410410299897193909e-02,4.028209485113620758e-03,2.654612809419631958e-02,1.952244341373443604e-02,-6.794869154691696167e-02,2.573104016482830048e-02,-4.665111750364303589e-02,6.666163355112075806e-02,2.300393208861351013e-02,5.050293356180191040e-02,5.334583297371864319e-02,2.142810821533203125e-02,8.771725744009017944e-02,2.365737408399581909e-02,1.338652893900871277e-02,1.539718452841043472e-02,-3.798843920230865479e-02,1.386623233556747437e-01,1.121897064149379730e-02,7.531278580427169800e-02,2.568279020488262177e-02,4.403978586196899414e-02,3.364451602101325989e-02,1.249173004180192947e-02,3.397299349308013916e-02
1.936213485896587372e-02,2.512249723076820374e-02,1.395114809274673462e-01,7.346277683973312378e-02,6.051708012819290161e-03,3.657459467649459839e-02,-9.009360522031784058e-02,-1.400800701230764389e-02,1.922735385596752167e-02,4.783990979194641113e-02,-1.182027682662010193e-01,4.922482371330261230e-02,5.720572080463171005e-03,3.944262396544218063e-03,3.423273563385009766e-02,8.309568464756011963e-02,-8.881585299968719482e-02,6.694652140140533447e-02,1.109840907156467438e-02,5.646822974085807800e-02,9.995773434638977051e-02,-1.709625497460365295e-02,-8.070467738434672356e-04,7.118381094187498093e-03,5.986835435032844543e-02,3.446639701724052429e-02,2.520474418997764587e-02,4.324700217694044113e-03,7.296937983483076096e-03,-5.591988563537597656e-02,2.731965295970439911e-02,-2.326453477144241333e-02,6.089488416910171509e-02,4.297802806831896305e-04,-1.829771138727664948e-02,1.314146369695663452e-01,8.156049251556396484e-02,1.010234951972961426e-01,8.617722988128662109e-02,9.440409019589424133e-03,8.838353306055068970e-02,-7.249464094638824463e-02,7.519444450736045837e-03,2.869443595409393311e-02,-2.065067552030086517e-02,3.200679644942283630e-02,-2.243011025711894035e-03,3.937510401010513306e-02,1.219309419393539429e-01,6.160941720008850098e-02
3.688857331871986389e-02,-5.269142985343933105e-02,1.122046038508415222e-01,-8.059144020080566406e-02,-1.548071354627609253e-01,-2.649267390370368958e-02,-5.809534713625907898e-02,-1.656887703575193882e-03,-9.201594442129135132e-02,-1.911467760801315308e-01,9.848019108176231384e-03,5.077125504612922668e-02,3.275025263428688049e-02,-4.330134391784667969e-02,5.874344613403081894e-03,-9.665744006633758545e-02,-1.317198872566223145e-01,-7.505237311124801636e-02,4.831537976861000061e-02,1.272786967456340790e-02,-1.738894432783126831e-01,-1.694271415472030640e-01,-2.042708918452262878e-02,3.530314657837152481e-03,6.649671494960784912e-02,-9.617942571640014648e-02,-9.274470503441989422e-04,-7.860141247510910034e-02,1.007829513400793076e-02,1.332988031208515167e-03,-9.432944655418395996e-02,-1.658883243799209595e-01,-3.882525255903601646e-03,1.717093214392662048e-02,3.702657413668930531e-04,-1.191548481583595276e-01,9.995386749505996704e-02,4.863631352782249451e-02,-2.018829435110092163e-02,3.216523304581642151e-02,-6.117836013436317444e-02,-6.649753451347351074e-02,-2.064324766397476196e-01,-4.478720575571060181e-02,-2.165563590824604034e-02,-2.805800549685955048e-02,8.805977553129196167e-02,1.186888813972473145e-01,-9.821715950965881348e-02,2.347048185765743256e-02
-8.957112580537796021e-02,4.457756876945495605e-03,-1.101572904735803604e-02,1.719023566693067551e-03,2.524020848795771599e-03,-3.297126293182373047e-02,-5.113991349935531616e-02,4.755546897649765015e-02,-2.692488580942153931e-02,9.716790914535522461e-02,-4.503031447529792786e-02,7.067860662937164307e-02,8.494274690747261047e-03,9.284483268857002258e-03,-1.887825876474380493e-02,-4.104439541697502136e-02,-1.729488074779510498e-01,-6.900384277105331421e-02,1.634418405592441559e-02,-1.846900023519992828e-02,1.533511839807033539e-02,-1.956896297633647919e-02,1.480737924575805664e-01,-6.680747959762811661e-03,4.067000746726989746e-02,1.309216022491455078e-02,-2.685862779617309570e-02,-3.797106444835662842e-02,-1.466169394552707672e-02,-1.032757237553596497e-01,8.624557405710220337e-02,4.128699377179145813e-02,5.054735392332077026e-02,4.667942970991134644e-02,-3.023114614188671112e-02,-1.459508296102285385e-02,6.908690184354782104e-02,1.150030083954334259e-02,-3.789462149143218994e-02,1.135134976357221603e-02,-3.644210100173950195e-02,-3.007121756672859192e-02,-1.012650597840547562e-02,-8.532089181244373322e-03,1.174716837704181671e-02,-3.028884716331958771e-02,7.506313174962997437e-02,2.948992140591144562e-02,4.276412539184093475e-03,3.099954873323440552e-02
-4.825617745518684387e-02,-1.588385552167892456e-01,7.676874101161956787e-02,-1.552648246288299561e-01,-1.419451832771301270e-01,-1.512660086154937744e-01,-7.911693304777145386e-03,-2.662294544279575348e-02,-1.338606923818588257e-01,-1.021337062120437622e-01,-3.017178364098072052e-02,1.464767754077911377e-01,1.000404059886932373e-01,-4.331638291478157043e-02,-8.768358081579208374e-02,-1.217968687415122986e-01,-8.412161469459533691e-02,-1.174750849604606628e-01,-1.169018447399139404e-01,-1.148384660482406616e-01,-1.650271713733673096e-01,3.683740273118019104e-02,3.530537709593772888e-02,-8.046790212392807007e-02,5.391203984618186951e-02,-9.008882194757461548e-02,1.084703952074050903e-02,-7.875149697065353394e-02,-3.261205926537513733e-02,-1.171560958027839661e-01,-1.933025121688842773e-01,-5.671724677085876465e-02,2.836482040584087372e-02,7.044178992509841919e-02,1.730433665215969086e-02,1.137139461934566498e-02,6.026030704379081726e-02,1.109268143773078918e-01,-1.706625074148178101e-01,-2.783613093197345734e-02,-1.528419554233551025e-01,-1.008398011326789856e-01,-1.679592728614807129e-01,-1.067237555980682373e-01,9.016000479459762573e-02,-9.668827056884765625e-02,1.680813431739807129e-01,1.202429160475730896e-01,-1.322019398212432861e-01,5.048587545752525330e-02
7.353939861059188843e-02,3.468581289052963257e-02,5.180042609572410583e-02,5.470139160752296448e-02,4.770308360457420349e-02,6.259638816118240356e-03,5.835050716996192932e-02,5.961245670914649963e-02,4.318687319755554199e-02,5.557119846343994141e-02,-9.560934454202651978e-02,2.501184865832328796e-02,1.712893322110176086e-02,1.487021893262863159e-02,7.538178004324436188e-03,9.962146729230880737e-02,-1.000227481126785278e-01,6.556572020053863525e-02,2.578437887132167816e-02,7.268385589122772217e-02,1.108561083674430847e-01,1.916001364588737488e-02,-4.586202558130025864e-03,1.340121626853942871e-01,9.868223220109939575e-02,9.820807026699185371e-04,2.606748603284358978e-02,-1.707012951374053955e-02,4.730857443064451218e-03,-5.099183320999145508e-02,-2.921009436249732971e-02,7.086306344717741013e-03,2.966079860925674438e-02,5.855274200439453125e-02,6.301525980234146118e-02,1.021710224449634552e-02,6.386569142341613770e-02,6.949047744274139404e-02,6.408828496932983398e-02,-1.712770760059356689e-02,1.143138557672500610e-01,-3.229113295674324036e-02,-2.750730491243302822e-04,9.782926179468631744e-03,5.280636996030807495e-02,3.456298634409904480e-02,9.990757331252098083e-03,-2.738660015165805817e-02,9.159982204437255859e-02,1.055649518966674805e-01
5.471065267920494080e-02,-9.406015276908874512e-02,4.544281959533691406e-02,-6.983422487974166870e-02,1.124457493424415588e-01,3.292993456125259399e-02,3.487683832645416260e-02,-7.593470066785812378e-02,-2.093350589275360107e-01,1.066673845052719116e-01,-6.716601550579071045e-02,9.691566228866577148e-02,5.484654009342193604e-02,-2.841704525053501129e-02,-6.105409935116767883e-02,3.978165611624717712e-02,1.063392981886863708e-01,-8.186726272106170654e-02,-8.102329820394515991e-02,1.144890440627932549e-03,-6.218807399272918701e-02,-1.920522749423980713e-01,1.614950969815254211e-02,1.973163895308971405e-02,2.982219308614730835e-02,-1.282758861780166626e-01,-5.272937938570976257e-02,-9.175170958042144775e-02,-3.163672983646392822e-02,1.781261712312698364e-02,-7.447537779808044434e-02,9.427475742995738983e-03,3.090654499828815460e-02,-1.628094762563705444e-01,1.514595467597246170e-03,3.973728418350219727e-02,4.351559653878211975e-02,6.286696344614028931e-02,-6.587635725736618042e-02,2.865003421902656555e-02,-7.009805738925933838e-02,-1.580929458141326904e-01,-1.943826526403427124e-01,-2.066213823854923248e-02,1.323541812598705292e-02,-4.550895094871520996e-02,3.520934283733367920e-02,5.933575704693794250e-02,3.528780117630958557e-02,6.395449489355087280e-02
-3.066792152822017670e-02,1.492209173738956451e-02,2.237498573958873749e-02,-5.360781028866767883e-02,7.409529387950897217e-02,2.064364030957221985e-02,-5.184740200638771057e-02,4.729029908776283264e-02,-1.121643930673599243e-02,7.087203860282897949e-02,-5.656618252396583557e-02,2.184491604566574097e-02,8.773566037416458130e-02,-4.804955050349235535e-02,7.158007472753524780e-02,1.288337283767759800e-03,-6.110678240656852722e-02,5.751897022128105164e-02,-1.121602207422256470e-02,3.147646039724349976e-02,6.163059547543525696e-02,-9.642966906540095806e-04,4.994573444128036499e-02,6.274803727865219116e-02,7.033399492502212524e-02,1.981811225414276123e-02,8.847315609455108643e-02,-4.460252076387405396e-02,1.618313416838645935e-02,1.130726709961891174e-01,4.093182086944580078e-02,-9.658794850111007690e-03,5.932786688208580017e-02,1.900314539670944214e-02,8.324871957302093506e-02,-6.139684468507766724e-03,8.205730468034744263e-02,2.469080127775669098e-02,-9.360548853874206543e-02,-9.152087569236755371e-02,8.046095818281173706e-02,9.917925111949443817e-03,-3.219185397028923035e-02,1.092229112982749939e-01,1.200864836573600769e-02,4.094902798533439636e-02,-3.942378610372543335e-02,5.530121922492980957e-02,5.065613240003585815e-02,-4.562829562928527594e-04
-3.358566388487815857e-02,2.859501726925373077e-02,1.866872608661651611e-01,8.339677006006240845e-02,9.899505227804183960e-02,3.511199727654457092e-02,-5.530703440308570862e-02,1.184192374348640442e-01,3.394588455557823181e-02,-1.788119901902973652e-03,-1.950900070369243622e-02,5.184862017631530762e-02,1.841682940721511841e-01,5.050942301750183105e-02,3.573895618319511414e-02,6.170914694666862488e-02,-1.032880470156669617e-01,1.739435084164142609e-02,-4.521380737423896790e-02,-2.640843391418457031e-02,7.190168648958206177e-02,4.809258505702018738e-02,4.328817501664161682e-02,-2.556316368281841278e-02,7.397707551717758179e-02,-3.434909135103225708e-02,8.089203387498855591e-02,6.306274235248565674e-02,9.425013512372970581e-02,3.607277572154998779e-02,4.034312069416046143e-02,-5.299352854490280151e-02,9.455990046262741089e-03,5.172323808073997498e-02,6.213175132870674133e-02,3.989173099398612976e-03,9.647825732827186584e-03,5.053112655878067017e-02,1.333712935447692871e-01,3.571732668206095695e-03,1.285898387432098389e-01,9.393076598644256592e-02,-1.585241220891475677e-02,2.589334920048713684e-02,4.116333089768886566e-03,1.940517872571945190e-02,2.579435706138610840e-02,2.601880580186843872e-02,9.374602884054183960e-02,6.631396710872650146e-03
2.004224248230457306e-02,-8.049256168305873871e-03,-9.917254559695720673e-03,-2.399230562150478363e-02,2.214951626956462860e-02,2.827334217727184296e-02,7.911700755357742310e-02,-7.648008409887552261e-03,9.871178120374679565e-02,6.201165262609720230e-03,1.222507003694772720e-02,-6.565340608358383179e-02,-6.387567520141601562e-02,-3.608986735343933105e-02,6.531632505357265472e-03,5.041610822081565857e-02,2.213711105287075043e-02,4.723424464464187622e-02,1.572284661233425140e-02,-2.220407687127590179e-02,-2.768955938518047333e-02,-1.799386553466320038e-02,7.588040083646774292e-02,-7.513860240578651428e-03,-1.010945290327072144e-01,1.900897547602653503e-02,-3.319333493709564209e-02,1.060418505221605301e-02,-4.990858957171440125e-03,4.136546328663825989e-02,1.324293902143836021e-03,-2.822304517030715942e-02,1.987892761826515198e-02,-3.862692741677165031e-03,1.356149930506944656e-02,3.974319249391555786e-02,-1.668235845863819122e-02,7.344253361225128174e-02,-2.911124005913734436e-02,-2.958509698510169983e-02,3.941736370325088501e-02,6.528988480567932129e-02,3.096170164644718170e-02,-1.264994405210018158e-02,-1.392092439346015453e-03,1.097738649696111679e-02,2.689876407384872437e-02,-4.848957061767578125e-02,1.389760896563529968e-02,-2.752928994596004486e-03
3.657138347625732422e-02,3.352542221546173096e-02,1.467242836952209473e-01,6.403321772813796997e-02,6.613498926162719727e-02,2.653161250054836273e-02,-1.833168230950832367e-02,2.808278799057006836e-02,-6.501499447040259838e-04,-7.735687308013439178e-03,-9.376039355993270874e-02,5.746177211403846741e-02,6.542921811342239380e-02,-1.539135701023042202e-03,1.397070661187171936e-02,8.421248197555541992e-02,-4.984340071678161621e-02,7.801893353462219238e-02,1.140729337930679321e-02,9.975936263799667358e-02,8.889529109001159668e-02,2.884627506136894226e-02,2.726815640926361084e-02,-2.135870419442653656e-02,6.216971576213836670e-02,-8.677988313138484955e-03,3.938394412398338318e-02,4.998062737286090851e-03,9.124096250161528587e-04,-9.540406987071037292e-03,-2.583363465964794159e-02,-7.897839532233774662e-04,1.252517383545637131e-02,6.084578111767768860e-02,1.169538870453834534e-02,1.163566950708627701e-02,4.886416718363761902e-02,1.080371141433715820e-01,3.564879298210144043e-02,5.438458174467086792e-02,9.849583357572555542e-02,-6.504190713167190552e-02,-1.083740592002868652e-02,2.736314386129379272e-02,9.442397207021713257e-02,3.712060675024986267e-02,1.410158164799213409e-02,1.508194836787879467e-03,1.007218360900878906e-01,1.108412966132164001e-01
1.086901202797889709e-01,-5.522476881742477417e-02,-3.842103108763694763e-02,-8.353033661842346191e-02,1.105698049068450928e-01,1.273594647645950317e-01,6.980621814727783203e-02,-2.298195511102676392e-01,1.127891689538955688e-01,1.450002342462539673e-01,-5.707386881113052368e-02,-1.636431962251663208e-01,-4.511387646198272705e-02,-1.207035407423973083e-01,-1.550774555653333664e-02,1.222598999738693237e-01,-5.177654698491096497e-02,1.132396534085273743e-01,-3.902767598628997803e-02,4.266304429620504379e-03,-3.027980029582977295e-02,-4.221101477742195129e-02,-1.316163688898086548e-01,-3.287410363554954529e-02,-2.427181750535964966e-01,-1.106601767241954803e-02,-7.651615887880325317e-02,-2.545467205345630646e-02,-7.677493616938591003e-03,-1.267934888601303101e-01,9.692198783159255981e-02,-4.984393343329429626e-02,1.145304292440414429e-01,-1.630952805280685425e-01,3.626715019345283508e-02,-1.769562810659408569e-02,-3.991835564374923706e-02,-1.829041540622711182e-01,-2.292757853865623474e-02,-3.191696712747216225e-03,1.397332549095153809e-01,5.327986553311347961e-02,1.131533086299896240e-01,-1.663742586970329285e-02,-3.437916636466979980e-01,-3.453361988067626953e-02,-9.240423142910003662e-02,-3.051232397556304932e-01,-5.940966680645942688e-02,-3.258826136589050293e-01
8.515816926956176758e-02,4.594397544860839844e-02,-2.331709023565053940e-03,3.436108678579330444e-02,8.040282875299453735e-03,4.982649162411689758e-02,3.034344874322414398e-03,3.033108264207839966e-02,9.698205441236495972e-02,1.437419280409812927e-02,-8.523260802030563354e-02,5.396633967757225037e-02,4.474606364965438843e-03,-9.991265833377838135e-04,3.433518856763839722e-02,1.393619179725646973e-02,-3.112249076366424561e-02,3.707095608115196228e-02,3.038698993623256683e-02,3.745190799236297607e-02,4.112290591001510620e-02,7.853505760431289673e-02,4.584911465644836426e-02,3.911314159631729126e-02,2.558925189077854156e-02,-5.812529101967811584e-02,1.922152563929557800e-02,1.472560968250036240e-02,1.734705083072185516e-02,3.057434409856796265e-02,5.410709977149963379e-02,6.732070446014404297e-02,-3.594657406210899353e-02,-1.772890426218509674e-02,-3.260780870914459229e-02,7.026580721139907837e-02,-1.052263542078435421e-03,7.151099294424057007e-02,4.514783620834350586e-02,9.315907955169677734e-02,3.758754581212997437e-03,1.258145272731781006e-01,-1.191892195492982864e-02,5.335130915045738220e-02,1.096466090530157089e-02,6.716383248567581177e-02,2.985826460644602776e-03,8.152434229850769043e-02,9.492190182209014893e-02,1.054531894624233246e-02
-2.285024151206016541e-02,-2.544474601745605469e-02,6.029757112264633179e-02,-1.304663270711898804e-01,-3.563337773084640503e-02,-4.695736244320869446e-02,-2.251257151365280151e-01,-1.624960452318191528e-02,-1.361314505338668823e-01,-6.761057674884796143e-02,-8.564393036067485809e-03,1.257314831018447876e-01,9.837192296981811523e-02,-1.015916764736175537e-01,-2.716366574168205261e-02,-2.024115175008773804e-01,3.641381487250328064e-02,-3.061113879084587097e-02,-6.308452785015106201e-02,1.861057616770267487e-02,4.595739766955375671e-02,-7.221364229917526245e-02,-3.735452890396118164e-02,-1.255321502685546875e-01,6.907306611537933350e-02,-9.954264760017395020e-02,-1.048279851675033569e-01,-1.005015522241592407e-01,5.087480414658784866e-03,6.681200116872787476e-02,-1.206643506884574890e-01,3.459979780018329620e-03,-1.054567173123359680e-01,-9.493887424468994141e-02,-5.630063265562057495e-02,-8.261716365814208984e-02,1.415808796882629395e-01,2.243842557072639465e-02,-2.463878318667411804e-02,-8.030726760625839233e-02,-9.641858190298080444e-02,-1.880122572183609009e-01,9.166725724935531616e-02,5.678191408514976501e-02,-3.061462752521038055e-02,4.781984165310859680e-02,9.513556957244873047e-02,-2.402680553495883942e-02,-6.155690061859786510e-04,5.811202526092529297e-02
-7.975229620933532715e-02,3.364073112607002258e-02,1.411932520568370819e-02,1.978600583970546722e-02,9.145588614046573639e-03,2.641470637172460556e-04,4.158181697130203247e-02,2.048883028328418732e-02,-3.278879914432764053e-03,2.643548324704170227e-02,-4.240215942263603210e-02,7.734620571136474609e-02,5.503764003515243530e-02,7.903066580183804035e-04,1.590522937476634979e-02,-2.317937090992927551e-02,-2.533525042235851288e-02,6.342689692974090576e-02,-5.330467596650123596e-03,8.716743439435958862e-02,3.190026804804801941e-02,2.613765746355056763e-02,6.281075626611709595e-02,3.458746150135993958e-02,5.783637240529060364e-02,6.571641564369201660e-02,-4.015194252133369446e-03,-3.310611099004745483e-02,-1.289215311408042908e-02,-4.978562518954277039e-02,8.098330348730087280e-03,7.174099236726760864e-02,2.825164608657360077e-02,-1.681927125900983810e-03,-4.393868893384933472e-02,7.793653756380081177e-02,2.619253098964691162e-02,7.164566963911056519e-02,6.126121152192354202e-03,7.709062658250331879e-03,5.200560018420219421e-02,1.010127016343176365e-03,5.222989246249198914e-02,-4.273896664381027222e-02,4.134593473281711340e-04,6.846202909946441650e-02,-5.931463465094566345e-02,2.765798009932041168e-02,3.209082037210464478e-02,4.046570882201194763e-02
-4.464453086256980896e-02,-3.598173707723617554e-02,1.617025285959243774e-01,-6.281717121601104736e-02,-9.044604748487472534e-02,-1.013827696442604065e-01,-1.656220257282257080e-01,-1.337958406656980515e-02,-7.756780833005905151e-02,-1.375122964382171631e-01,-1.456641405820846558e-01,1.779086887836456299e-01,1.280030757188796997e-01,-9.886791557073593140e-02,-1.316748093813657761e-02,-6.385505944490432739e-02,-3.116860426962375641e-02,-9.187311679124832153e-02,-7.442676927894353867e-03,-7.490646839141845703e-02,4.829129576683044434e-02,3.876726701855659485e-02,-5.613679066300392151e-03,-3.519961982965469360e-02,1.242010891437530518e-01,-7.305795699357986450e-02,-6.026526167988777161e-02,-1.333866119384765625e-01,8.209887309931218624e-04,-1.460966914892196655e-01,-1.349003016948699951e-01,-2.541194111108779907e-02,-7.212400436401367188e-02,4.802307114005088806e-02,-2.855382859706878662e-02,-1.005856040865182877e-02,1.193242818117141724e-01,1.653398871421813965e-01,-3.942539542913436890e-02,-5.803930386900901794e-02,-1.076067462563514709e-01,-2.593253850936889648e-01,-1.542238593101501465e-01,-3.722168132662773132e-02,8.151043951511383057e-02,-2.495760656893253326e-02,1.267433315515518188e-01,9.347265958786010742e-02,4.226746037602424622e-02,1.266961395740509033e-01
1.417320966720581055e-01,1.098698005080223083e-02,-8.009007573127746582e-02,2.700660750269889832e-02,8.633293211460113525e-02,9.278772026300430298e-02,8.834050595760345459e-02,-1.392664760351181030e-01,2.080678474158048630e-03,9.285851567983627319e-02,-3.449031338095664978e-02,-9.920185059309005737e-02,-1.378589272499084473e-01,-9.134679287672042847e-02,-6.229855120182037354e-02,9.818559139966964722e-02,8.657130599021911621e-02,1.267747879028320312e-01,-3.530074656009674072e-02,-6.532120984047651291e-03,5.978086963295936584e-03,-6.779693067073822021e-02,-5.211522802710533142e-02,-9.686302393674850464e-03,-2.571261823177337646e-01,-8.755873888731002808e-03,-1.145755127072334290e-02,-3.427940653637051582e-03,-2.711665257811546326e-02,-2.516759186983108521e-02,-1.066501140594482422e-01,-1.219694092869758606e-01,4.069703817367553711e-02,-8.392331749200820923e-02,-5.348404496908187866e-02,-2.489384263753890991e-02,-1.287456005811691284e-01,-1.151298806071281433e-01,2.755309827625751495e-02,2.601898461580276489e-02,1.280799657106399536e-01,3.515728563070297241e-02,8.561167120933532715e-02,3.541772067546844482e-02,-2.650578320026397705e-01,-3.775780322030186653e-03,-1.272900253534317017e-01,-2.678848803043365479e-01,7.717367261648178101e-02,-2.041250914335250854e-01
4.191318154335021973e-02,-2.399016357958316803e-02,8.316739648580551147e-02,-5.964928865432739258e-02,-3.548921644687652588e-02,4.492014274001121521e-02,8.432022482156753540e-02,-7.577104121446609497e-02,-6.628029793500900269e-02,-6.006560102105140686e-02,-5.344235897064208984e-02,5.202306434512138367e-02,2.156593650579452515e-02,-7.747039198875427246e-02,-2.481992123648524284e-03,-1.745485365390777588e-01,-3.273950517177581787e-02,4.218794032931327820e-02,-1.596062071621417999e-02,-9.365326911211013794e-02,2.984978444874286652e-02,-6.997548043727874756e-02,-9.308279305696487427e-02,-9.637816809117794037e-03,8.261103183031082153e-03,-8.282353729009628296e-02,-4.613568261265754700e-02,4.158464446663856506e-02,-3.256437182426452637e-02,1.133289709687232971e-01,-3.653575107455253601e-02,-1.268134638667106628e-02,-7.765300571918487549e-02,-1.844287514686584473e-01,-2.290871227160096169e-03,-4.780422523617744446e-02,6.706912815570831299e-02,8.053370565176010132e-02,-7.992502301931381226e-02,-5.859380215406417847e-02,-1.079610809683799744e-01,5.105898529291152954e-02,-5.080962181091308594e-02,-1.468430180102586746e-02,4.552566260099411011e-02,-1.481050550937652588e-01,3.323992714285850525e-02,-2.709068357944488525e-02,-5.796619877219200134e-02,2.919330075383186340e-02
9.782010689377784729e-03,1.266073528677225113e-02,7.981108129024505615e-02,1.986055076122283936e-02,6.637463718652725220e-02,-1.234859749674797058e-01,2.640449628233909607e-02,9.477991610765457153e-02,1.623306572437286377e-01,6.953828036785125732e-02,-1.149085685610771179e-01,4.745643585920333862e-02,7.509519159793853760e-02,2.732492983341217041e-02,-2.217326872050762177e-02,6.217352300882339478e-02,-4.986040666699409485e-02,6.921050697565078735e-02,-6.125195883214473724e-03,2.470504119992256165e-02,1.343030035495758057e-01,4.476061090826988220e-02,1.114985644817352295e-01,7.658553309738636017e-03,-2.931225858628749847e-02,2.330600749701261520e-03,6.874543149024248123e-03,-2.112767472863197327e-02,-9.939273819327354431e-03,-6.767691113054752350e-03,-5.170556157827377319e-02,1.048686429858207703e-01,6.802455335855484009e-02,1.279975175857543945e-01,-8.339449018239974976e-02,5.569983646273612976e-02,6.045821681618690491e-02,1.454066671431064606e-02,2.412971109151840210e-02,1.068074721843004227e-02,4.616931546479463577e-03,-6.637691706418991089e-02,3.171282634139060974e-02,1.517465244978666306e-02,-1.133990846574306488e-02,2.736670151352882385e-02,1.603628695011138916e-02,6.316414475440979004e-02,9.609679132699966431e-02,5.236740037798881531e-02
-3.955248743295669556e-02,-5.119306594133377075e-02,7.659793645143508911e-02,-1.243628654628992081e-02,2.149799838662147522e-02,2.358508668839931488e-02,2.883437089622020721e-02,-9.923632442951202393e-02,3.312524780631065369e-02,2.997665852308273315e-02,-3.749577561393380165e-03,-8.915592916309833527e-03,3.881777077913284302e-02,-2.880984544754028320e-02,8.120463229715824127e-03,-5.200754106044769287e-02,-4.121210798621177673e-02,-1.219321116805076599e-01,-5.238835886120796204e-02,-9.079942852258682251e-02,-5.034789443016052246e-02,1.576171442866325378e-02,-5.398977920413017273e-02,-1.466650366783142090e-01,1.201347559690475464e-01,-6.075420230627059937e-02,-5.116803199052810669e-02,-6.508520990610122681e-02,1.766537688672542572e-02,7.009062170982360840e-02,-1.252703964710235596e-01,-1.814005710184574127e-02,-1.711873710155487061e-02,-8.713418245315551758e-02,5.640181154012680054e-02,-4.071937873959541321e-02,1.968535967171192169e-02,7.266213744878768921e-02,-5.138519033789634705e-02,-6.907105445861816406e-02,-5.572504177689552307e-02,-2.331769913434982300e-01,1.020999327301979065e-01,-2.488001622259616852e-02,5.905307456851005554e-02,-3.496174933388829231e-03,7.674527913331985474e-02,5.585917085409164429e-02,-7.686077058315277100e-02,6.131198629736900330e-02
5.510349571704864502e-02,-3.305508568882942200e-02,1.189531907439231873e-01,2.349742874503135681e-02,3.963617142289876938e-03,6.411612778902053833e-02,1.555757224559783936e-02,2.995689027011394501e-02,6.938447058200836182e-02,3.525518812239170074e-03,-2.981396578252315521e-02,5.654965527355670929e-03,1.558934599161148071e-01,-3.433757275342941284e-02,5.048009566962718964e-03,1.642193086445331573e-02,-6.386443972587585449e-02,-3.964085876941680908e-02,-2.166125178337097168e-02,5.268749222159385681e-02,6.414721906185150146e-02,-7.143219560384750366e-02,-8.003426343202590942e-02,3.270542249083518982e-02,6.061944738030433655e-02,-9.219632484018802643e-03,-1.855467632412910461e-02,1.898139715194702148e-02,-1.608677208423614502e-02,-1.498370245099067688e-02,6.428536772727966309e-02,1.394536159932613373e-02,5.547628924250602722e-02,-4.998802021145820618e-02,-7.888621091842651367e-02,-9.405215829610824585e-02,1.008150279521942139e-01,9.696943312883377075e-02,3.466803953051567078e-02,-3.943033516407012939e-02,1.145232841372489929e-01,-4.316205531358718872e-02,1.939654722809791565e-02,2.150396583601832390e-03,-2.530732564628124237e-02,-1.426644250750541687e-02,5.152271315455436707e-02,-3.088460490107536316e-02,1.179376766085624695e-01,1.376777328550815582e-02
1.910202577710151672e-02,2.460111863911151886e-02,1.032178252935409546e-01,2.284357845783233643e-01,6.122339516878128052e-02,-3.466603532433509827e-02,-8.677902817726135254e-02,3.006919287145137787e-02,5.962068960070610046e-02,7.269635051488876343e-02,-1.217328310012817383e-01,8.490798063576221466e-03,7.492262870073318481e-02,-3.723879903554916382e-02,4.047221317887306213e-02,6.124920677393674850e-03,8.241446339525282383e-04,1.014622673392295837e-01,-1.762899383902549744e-02,1.606946252286434174e-02,1.184787973761558533e-01,-2.652309834957122803e-02,1.259086132049560547e-01,2.378361485898494720e-02,1.085776090621948242e-01,1.362019311636686325e-02,5.992669239640235901e-02,9.748747944831848145e-02,1.591568626463413239e-02,-7.327584177255630493e-02,7.554861158132553101e-02,-1.642178930342197418e-02,8.014245331287384033e-02,1.051710471510887146e-01,-6.306292023509740829e-03,8.825206756591796875e-02,7.524928450584411621e-02,9.099996089935302734e-02,1.193212568759918213e-01,8.680629730224609375e-02,1.169760525226593018e-01,1.051389425992965698e-02,-3.088670223951339722e-02,3.183532878756523132e-02,2.435688115656375885e-02,1.261793226003646851e-01,9.116844087839126587e-02,6.132318452000617981e-02,1.681239008903503418e-01,5.511802062392234802e-02
-2.956234291195869446e-02,-2.230636309832334518e-03,7.706961128860712051e-03,3.062299266457557678e-02,9.572374634444713593e-03,4.630740731954574585e-02,-3.498914092779159546e-02,-5.546768009662628174e-02,5.884451419115066528e-02,7.481667399406433105e-02,5.465005710721015930e-02,4.504575207829475403e-02,-1.402506884187459946e-02,-1.450751535594463348e-02,3.070681728422641754e-02,-9.194925427436828613e-03,-1.803813874721527100e-02,-2.162503078579902649e-02,-2.195543795824050903e-02,6.179168447852134705e-02,9.780135005712509155e-02,7.231610268354415894e-02,1.036083251237869263e-01,-3.693342208862304688e-02,5.903000012040138245e-02,1.651365868747234344e-02,2.952457033097743988e-02,-1.291911117732524872e-02,-1.203410048037767410e-02,1.024178192019462585e-01,4.167577996850013733e-02,5.777215212583541870e-02,3.712036181241273880e-03,-1.313542574644088745e-02,6.185346283018589020e-03,6.510487943887710571e-02,1.298973802477121353e-02,2.044199220836162567e-02,-6.769859232008457184e-03,-1.879296079277992249e-02,1.669383980333805084e-02,-5.337345227599143982e-02,-9.454980492591857910e-03,-3.021844103932380676e-02,-3.582694008946418762e-02,2.615054510533809662e-02,-3.617553273215889931e-03,4.421525821089744568e-02,6.069691106677055359e-02,2.273621223866939545e-02
6.174710765480995178e-02,-1.277639996260404587e-02,-1.887394785881042480e-01,-9.399629384279251099e-02,1.318845301866531372e-01,9.373120218515396118e-02,4.192968085408210754e-02,-4.168291389942169189e-02,7.185876369476318359e-02,9.527453035116195679e-02,2.855344861745834351e-02,-1.344200521707534790e-01,-1.362324208021163940e-01,-1.599475368857383728e-02,-1.244410499930381775e-01,1.078657433390617371e-01,-1.497467458248138428e-01,7.719530910253524780e-02,-5.901156738400459290e-02,-5.542870238423347473e-02,-8.066490292549133301e-02,-6.290520727634429932e-02,5.177205428481101990e-02,-6.205610185861587524e-02,-1.810633093118667603e-01,-6.001270189881324768e-02,-1.014860495924949646e-01,2.121824212372303009e-02,-3.425278514623641968e-02,5.888996273279190063e-02,-4.502520337700843811e-02,-2.744713611900806427e-02,3.597534820437431335e-02,-4.203064739704132080e-02,-4.633997380733489990e-02,-7.032601535320281982e-02,-1.201553717255592346e-01,-2.184568941593170166e-01,-9.674284607172012329e-02,-5.729527771472930908e-02,8.241624385118484497e-02,5.534845590591430664e-02,1.545596402138471603e-02,-3.553919866681098938e-02,-1.275542676448822021e-01,-3.299161791801452637e-02,-9.840618073940277100e-02,-1.468912065029144287e-01,-1.312584429979324341e-01,-6.841651350259780884e-02
6.196280941367149353e-03,-5.064405966550111771e-03,2.110419049859046936e-02,7.608421891927719116e-02,-3.268025116994976997e-03,4.178490489721298218e-02,-7.970663718879222870e-03,-1.407495979219675064e-02,2.345380140468478203e-03,4.731881245970726013e-02,-3.361301869153976440e-02,6.542351841926574707e-02,2.018845267593860626e-02,4.479576647281646729e-02,3.818808868527412415e-02,2.140196599066257477e-02,-1.106948312371969223e-02,7.263082265853881836e-02,1.561203505843877792e-02,5.801104381680488586e-02,4.301616549491882324e-02,3.811212256550788879e-02,8.320035040378570557e-02,4.716770257800817490e-03,1.549672894179821014e-02,5.188063904643058777e-02,3.407726809382438660e-02,3.734626993536949158e-02,9.363450109958648682e-03,-2.573851309716701508e-02,-4.049982130527496338e-02,4.499523341655731201e-02,6.997141987085342407e-02,3.096125088632106781e-03,-1.972690969705581665e-02,3.162043914198875427e-02,5.477369204163551331e-02,4.314602538943290710e-02,8.595225960016250610e-02,2.639701403677463531e-02,8.743675053119659424e-02,-1.885999552905559540e-02,1.476963236927986145e-02,2.435555867850780487e-02,4.948856774717569351e-03,4.056972637772560120e-02,-2.530953288078308105e-02,-4.445309937000274658e-02,9.950608015060424805e-02,4.994781687855720520e-02
-1.520569669082760811e-03,4.404232278466224670e-02,3.963585570454597473e-02,6.093252822756767273e-02,-1.170971803367137909e-02,-1.487387344241142273e-02,6.183786317706108093e-03,-2.300736494362354279e-02,1.244701668620109558e-01,5.305037274956703186e-02,-5.266688764095306396e-02,1.320963352918624878e-02,-2.694850973784923553e-02,-1.535822823643684387e-02,4.178576916456222534e-02,-6.483796983957290649e-02,-3.802731633186340332e-02,-8.639448322355747223e-03,1.294266059994697571e-02,6.823939085006713867e-02,9.720277041196823120e-02,3.759612143039703369e-02,5.105008184909820557e-02,-8.058530278503894806e-03,-7.622886914759874344e-04,4.762393236160278320e-02,2.659761905670166016e-02,2.591219730675220490e-02,1.051717530936002731e-02,-1.393011063337326050e-01,-8.052798360586166382e-02,-5.180629901587963104e-03,-3.117899224162101746e-02,6.027885153889656067e-02,-2.206527069211006165e-02,5.639932304620742798e-02,-2.609462663531303406e-02,5.420689284801483154e-02,2.186465635895729065e-02,3.760908916592597961e-02,5.529468879103660583e-03,-3.253000602126121521e-02,-6.726844608783721924e-02,-1.286889426410198212e-02,-6.755363941192626953e-02,5.535550881177186966e-03,2.485198155045509338e-02,-8.443338796496391296e-03,2.650593407452106476e-02,-3.165688738226890564e-02
-8.298508077859878540e-02,-3.047834895551204681e-02,4.937281087040901184e-02,-8.954969793558120728e-02,-1.147966179996728897e-02,-4.052657168358564377e-03,2.718907967209815979e-02,-1.179792732000350952e-02,3.995830938220024109e-02,1.455030683428049088e-02,-2.641711570322513580e-02,4.863440617918968201e-02,4.942298308014869690e-02,-1.039423421025276184e-02,-4.549700766801834106e-02,-2.470129169523715973e-02,7.102635502815246582e-02,-2.531710453331470490e-02,-2.861204184591770172e-02,-8.193217217922210693e-02,1.380497310310602188e-02,1.848485507071018219e-02,1.488716620951890945e-02,-1.675494574010372162e-02,6.172731518745422363e-02,-4.051136970520019531e-02,-2.925954945385456085e-02,-8.564700931310653687e-02,-5.757336039096117020e-03,2.451120875775814056e-02,-9.007566608488559723e-03,-5.264473333954811096e-02,-2.407545782625675201e-02,3.494653850793838501e-02,2.790880016982555389e-02,7.474870234727859497e-02,1.313922926783561707e-02,7.862711697816848755e-02,-3.434310853481292725e-02,2.701110951602458954e-02,-1.338024586439132690e-01,-3.595120087265968323e-02,-4.523798823356628418e-02,-4.897211212664842606e-03,5.355528369545936584e-02,-1.131160110235214233e-01,1.636006683111190796e-02,2.509369514882564545e-02,2.378863282501697540e-02,7.428184896707534790e-02
7.100122421979904175e-02,1.325188856571912766e-02,8.588846540078520775e-04,5.452798306941986084e-02,5.543245002627372742e-03,9.831635653972625732e-02,-3.744588792324066162e-02,6.084370892494916916e-03,-2.734270691871643066e-02,9.423253685235977173e-02,-4.965516179800033569e-02,-5.080761387944221497e-02,-8.461424149572849274e-03,6.089446600526571274e-03,1.860842108726501465e-02,1.058746576309204102e-01,-3.793109208345413208e-02,8.669066429138183594e-02,2.477488107979297638e-02,3.289947286248207092e-02,7.637289911508560181e-02,4.169617593288421631e-02,4.588240012526512146e-02,4.592536017298698425e-02,7.192328572273254395e-02,2.392349392175674438e-02,1.476680021733045578e-02,2.440841495990753174e-02,2.774083241820335388e-02,-1.076414529234170914e-02,5.765945464372634888e-02,-5.637267976999282837e-02,9.084992110729217529e-02,3.539020568132400513e-02,4.696504026651382446e-02,1.852365583181381226e-02,2.767791226506233215e-02,2.206446975469589233e-02,7.158801704645156860e-02,2.563683129847049713e-02,8.719071745872497559e-02,-3.142224252223968506e-02,3.890744969248771667e-02,7.021290063858032227e-02,2.370241470634937286e-02,1.232165694236755371e-01,-4.040821269154548645e-02,-3.169268835335969925e-03,1.137806400656700134e-01,-5.768818315118551254e-03
2.268244745209813118e-03,4.129157960414886475e-02,1.458984017372131348e-01,1.458279639482498169e-01,6.311187148094177246e-02,3.602737188339233398e-02,-1.290524285286664963e-02,5.991383455693721771e-03,3.221896709874272346e-03,4.973990097641944885e-02,-8.616165816783905029e-02,1.807972416281700134e-02,1.028650924563407898e-01,-1.212624483741819859e-03,1.812101341784000397e-02,6.941745430231094360e-02,-1.168312802910804749e-01,1.360989809036254883e-01,9.303325787186622620e-03,6.606103479862213135e-02,1.296313107013702393e-01,6.053729727864265442e-02,1.515752822160720825e-02,6.535346619784832001e-03,2.173813804984092712e-02,-2.254779078066349030e-02,8.771160244941711426e-02,-4.726462066173553467e-02,7.021879311650991440e-03,-3.928836807608604431e-02,4.334938898682594299e-02,-1.393005717545747757e-02,2.009377628564834595e-02,2.249027229845523834e-02,2.824305742979049683e-02,4.333027824759483337e-02,1.251410394906997681e-01,1.254922896623611450e-01,4.301250353455543518e-02,1.655779778957366943e-02,9.013105183839797974e-02,-2.025506272912025452e-02,-5.554191395640373230e-02,1.680894754827022552e-02,3.650249168276786804e-02,9.454530477523803711e-02,5.209756270051002502e-02,5.396274104714393616e-02,1.121558621525764465e-01,6.644196808338165283e-02
7.704844232648611069e-03,3.701839968562126160e-02,-6.641260697506368160e-04,-2.833979763090610504e-02,-7.937945425510406494e-03,2.400096133351325989e-02,-2.107283798977732658e-03,2.075595967471599579e-02,8.357241004705429077e-02,3.253321722149848938e-02,1.578351855278015137e-02,3.910057619214057922e-02,1.066223997622728348e-02,2.413667505607008934e-03,-9.901056997478008270e-03,2.336499514058232307e-03,-5.862985178828239441e-02,-8.788045495748519897e-03,2.790705114603042603e-02,-5.805381108075380325e-03,1.102401316165924072e-01,8.327693678438663483e-03,-1.411936338990926743e-02,-8.477651514112949371e-03,-1.858946122229099274e-02,1.906409859657287598e-02,-6.103867199271917343e-03,-2.636471204459667206e-02,-2.946531400084495544e-03,-2.010950446128845215e-02,-1.960464194416999817e-02,-5.187267437577247620e-03,1.510018389672040939e-02,-2.759078051894903183e-03,-1.564706303179264069e-02,1.188980508595705032e-02,7.225454598665237427e-02,4.102250933647155762e-02,-7.357428316026926041e-03,1.767539046704769135e-02,5.647333711385726929e-02,-4.328913614153862000e-02,-8.631424047052860260e-03,-8.061511442065238953e-03,-1.472681853920221329e-02,-1.086016930639743805e-02,-1.152981668710708618e-01,-2.791950851678848267e-02,2.249205298721790314e-02,4.807522147893905640e-02
-3.329574316740036011e-02,5.398061126470565796e-02,1.753570884466171265e-02,3.979607671499252319e-02,3.119189664721488953e-02,-6.019845139235258102e-03,-9.840848855674266815e-03,5.303210392594337463e-02,-2.336235158145427704e-02,-1.482632104307413101e-02,-1.506212949752807617e-01,-8.687879890203475952e-03,8.602817356586456299e-02,1.389048900455236435e-02,1.408545672893524170e-02,1.947462931275367737e-02,-2.784236147999763489e-02,1.104269623756408691e-01,2.911828644573688507e-02,-7.288662600331008434e-04,-2.258121408522129059e-02,-1.978286728262901306e-02,9.271700680255889893e-02,7.251171767711639404e-02,1.003403663635253906e-01,1.228315848857164383e-02,2.337735891342163086e-02,7.478118687868118286e-02,-2.026913128793239594e-02,4.570028930902481079e-02,6.317023932933807373e-02,-7.801192998886108398e-02,9.708039462566375732e-02,-1.109204906970262527e-02,8.664293587207794189e-02,1.919812289997935295e-03,2.141207829117774963e-02,5.295694991946220398e-02,4.208749160170555115e-02,6.821320950984954834e-02,8.355605415999889374e-03,5.497781932353973389e-02,-3.434053808450698853e-02,5.778113007545471191e-02,7.579561322927474976e-02,6.342863291501998901e-02,4.987869411706924438e-02,1.316659152507781982e-02,8.030746132135391235e-02,8.905858732759952545e-03
-6.842502951622009277e-02,6.782995909452438354e-02,1.179059669375419617e-01,1.448796987533569336e-01,-4.663947038352489471e-03,2.550932951271533966e-02,-1.835809275507926941e-02,2.566284500062465668e-02,-2.078307420015335083e-02,1.284249126911163330e-01,-1.011662706732749939e-01,2.807544916868209839e-02,1.284319460391998291e-01,5.557081662118434906e-03,5.369443818926811218e-02,2.373524196445941925e-02,9.541047737002372742e-03,8.939915150403976440e-02,-1.897002011537551880e-02,8.668659627437591553e-02,7.634530961513519287e-02,8.324335515499114990e-02,3.808737499639391899e-03,5.329011753201484680e-02,4.478566348552703857e-02,2.185887098312377930e-02,4.312181472778320312e-02,2.666950784623622894e-02,1.343446597456932068e-02,-5.383472144603729248e-02,-3.169349581003189087e-02,7.661675103008747101e-03,5.408315360546112061e-02,1.973590254783630371e-02,1.956195570528507233e-02,8.659914880990982056e-02,7.029268145561218262e-02,6.748177856206893921e-02,9.660685807466506958e-02,2.522552572190761566e-02,1.708838194608688354e-01,-1.339789200574159622e-02,-3.270092979073524475e-02,2.777626924216747284e-02,4.325779154896736145e-02,6.066023185849189758e-02,-3.277465328574180603e-02,1.177937351167201996e-02,1.189570203423500061e-01,1.241463571786880493e-01
3.393673896789550781e-02,1.508438400924205780e-02,3.719345852732658386e-02,-3.661003708839416504e-02,1.122349500656127930e-02,5.401827767491340637e-02,1.314278505742549896e-02,-1.241197250783443451e-02,-6.439801305532455444e-03,1.714826934039592743e-02,6.404196843504905701e-03,-9.533668868243694305e-03,1.068262942135334015e-02,1.669883914291858673e-02,2.093951404094696045e-02,-1.345410756766796112e-02,-5.929524078965187073e-02,3.539528697729110718e-02,2.590023353695869446e-02,-1.263480540364980698e-02,5.464014410972595215e-02,3.713588044047355652e-02,-3.399812430143356323e-02,2.926903590559959412e-02,1.709418147802352905e-01,-3.096168162301182747e-03,8.193337358534336090e-03,-3.355261310935020447e-02,-1.259831897914409637e-02,6.308116763830184937e-02,2.732289023697376251e-02,4.903458990156650543e-03,-3.019189648330211639e-02,-3.399138152599334717e-02,-8.732449263334274292e-03,-5.274901166558265686e-03,7.047849893569946289e-02,4.864573478698730469e-02,1.078100595623254776e-02,-2.605706080794334412e-02,7.180328667163848877e-02,-7.105514407157897949e-02,9.089760482311248779e-03,-2.246566116809844971e-02,2.830163016915321350e-02,4.738108813762664795e-02,-9.616450965404510498e-02,7.936286740005016327e-03,6.177636981010437012e-02,3.881737217307090759e-02
3.811521455645561218e-02,2.976386062800884247e-02,1.889916323125362396e-02,6.589282304048538208e-02,4.389370977878570557e-02,3.021559491753578186e-02,1.026413738727569580e-01,-1.129075884819030762e-02,-1.101926341652870178e-01,-9.732457250356674194e-02,2.454276196658611298e-02,-3.225317224860191345e-02,5.587344523519277573e-03,3.263012738898396492e-03,2.974685281515121460e-02,-2.832990605384111404e-03,6.550448015332221985e-03,5.911735072731971741e-02,4.844043403863906860e-02,-4.927952215075492859e-02,-2.576754195615649223e-05,7.710667699575424194e-02,4.315871745347976685e-02,4.830015823245048523e-02,1.317117363214492798e-02,2.035626210272312164e-02,-3.205762058496475220e-02,6.940165162086486816e-02,4.981291480362415314e-03,-5.502250511199235916e-03,6.571599096059799194e-02,2.247195132076740265e-02,4.588113725185394287e-02,2.991477400064468384e-02,1.314701139926910400e-01,1.210885941982269287e-01,-2.709831483662128448e-02,-2.175145968794822693e-02,4.589086398482322693e-02,4.935837164521217346e-02,8.161111921072006226e-02,5.015696212649345398e-02,-8.247333765029907227e-02,6.861259043216705322e-02,-3.534637764096260071e-02,1.168315708637237549e-01,-6.750046741217374802e-03,3.760333359241485596e-02,2.811512723565101624e-02,4.224165529012680054e-02
1.238646917045116425e-02,-1.077753771096467972e-02,6.876590102910995483e-02,6.026154756546020508e-02,6.172139197587966919e-02,3.999137878417968750e-02,-5.942020565271377563e-03,3.142176195979118347e-02,-3.284479677677154541e-02,3.510147333145141602e-02,2.527943626046180725e-02,2.984321489930152893e-02,6.812605261802673340e-02,4.522803798317909241e-02,6.731545180082321167e-02,8.137563616037368774e-02,-6.755165755748748779e-02,5.330993980169296265e-02,5.374241154640913010e-03,1.207429915666580200e-02,5.035930499434471130e-02,9.309473633766174316e-02,1.014112122356891632e-02,4.216916486620903015e-02,6.991160660982131958e-02,2.498930506408214569e-02,2.691917680203914642e-02,1.874757558107376099e-02,9.142291732132434845e-03,-1.959396712481975555e-02,1.923260092735290527e-02,-4.142010584473609924e-03,-2.296321466565132141e-02,5.353621393442153931e-02,5.495100282132625580e-03,6.273839622735977173e-03,4.926612228155136108e-02,8.331959694623947144e-02,2.574030309915542603e-02,2.025303617119789124e-02,6.740046292543411255e-02,-1.045846119523048401e-01,-1.095513626933097839e-02,1.057055033743381500e-02,2.217314764857292175e-02,4.962961003184318542e-02,-7.417417317628860474e-02,5.154942348599433899e-02,1.003835946321487427e-01,6.377029418945312500e-02
-1.298023909330368042e-01,1.088856719434261322e-02,5.898092314600944519e-02,2.724038809537887573e-02,1.397429406642913818e-01,8.123844861984252930e-02,-8.414774388074874878e-02,-9.241808205842971802e-02,5.675873160362243652e-02,1.226211525499820709e-02,-1.794923469424247742e-02,2.311032824218273163e-02,5.270587652921676636e-02,-4.214223846793174744e-02,-2.953624725341796875e-02,-9.161833673715591431e-02,3.720955178141593933e-02,1.846747286617755890e-02,2.152488450519740582e-04,1.124047301709651947e-02,4.824113473296165466e-02,-1.620370149612426758e-02,5.498280748724937439e-02,-3.833861649036407471e-02,1.193692907691001892e-01,1.348145119845867157e-02,-3.999373316764831543e-02,-1.108311861753463745e-02,3.123312816023826599e-02,1.273090094327926636e-01,5.649370700120925903e-02,1.073748022317886353e-01,8.581459522247314453e-02,3.238621354103088379e-02,4.516211338341236115e-03,7.738229632377624512e-02,6.238944455981254578e-02,5.865547433495521545e-02,6.522203329950571060e-03,5.033900588750839233e-02,-8.065568981692194939e-04,-2.226973883807659149e-02,-7.287735491991043091e-02,-3.398932516574859619e-02,8.196127414703369141e-02,7.925391942262649536e-02,4.885262250900268555e-02,3.556407243013381958e-02,4.111714288592338562e-02,5.591642856597900391e-02
-9.994226507842540741e-03,8.040972985327243805e-03,8.925937861204147339e-02,1.003047749400138855e-01,-1.407961640506982803e-02,-8.496219664812088013e-02,-9.868527948856353760e-02,1.923646964132785797e-02,-2.278263866901397705e-02,-5.287380144000053406e-02,-1.963458023965358734e-02,1.806120947003364563e-02,8.627295610494911671e-04,-9.132299601333215833e-05,3.698391467332839966e-02,-6.041620671749114990e-02,5.734651535749435425e-02,1.148122996091842651e-01,7.531014271080493927e-03,2.427115663886070251e-02,6.127978488802909851e-02,5.946153774857521057e-02,2.245267480611801147e-02,4.033685475587844849e-02,6.989005208015441895e-02,1.631820052862167358e-01,7.819021493196487427e-02,1.053718551993370056e-01,-2.110016532242298126e-02,7.720553129911422729e-02,7.011764496564865112e-02,8.730576932430267334e-02,2.357062324881553650e-02,7.213161140680313110e-02,-3.272944304626435041e-04,2.697203494608402252e-02,7.124586962163448334e-03,-3.529239213094115257e-03,4.901688545942306519e-02,-9.513476863503456116e-03,1.846374385058879852e-02,2.118431404232978821e-02,-6.290633976459503174e-02,-3.004524484276771545e-02,3.760666772723197937e-02,3.645304823294281960e-03,2.990720048546791077e-02,3.924624621868133545e-02,3.689243271946907043e-02,-3.491393756121397018e-03
1.386803388595581055e-01,-3.772841766476631165e-03,-6.551757454872131348e-02,4.333142936229705811e-02,1.201687902212142944e-01,1.514379233121871948e-01,5.162074416875839233e-02,-1.044867746531963348e-02,1.212166100740432739e-01,1.636541932821273804e-01,-2.625423297286033630e-02,-8.115615695714950562e-02,-5.387790873646736145e-02,-6.205540895462036133e-02,3.725524246692657471e-02,1.346188336610794067e-01,-1.518058776855468750e-01,1.114231720566749573e-01,5.630676634609699249e-03,-1.295784674584865570e-02,6.958474963903427124e-02,-9.483160823583602905e-02,-8.410876989364624023e-02,8.431981317698955536e-03,-6.433366239070892334e-02,4.862893372774124146e-03,-9.679719805717468262e-03,-2.613824978470802307e-02,1.168769958894699812e-04,4.214864969253540039e-02,4.102047532796859741e-02,4.242591932415962219e-02,1.031460538506507874e-01,-3.536906093358993530e-02,-3.946027532219886780e-02,1.693785190582275391e-02,-6.613491475582122803e-02,5.131081491708755493e-02,-1.130575896240770817e-03,-1.171141583472490311e-02,1.438743919134140015e-01,3.279810072854161263e-03,4.503982514142990112e-02,-1.547735068015754223e-03,-9.717714041471481323e-02,-1.261399034410715103e-02,-1.833337992429733276e-01,-1.305306702852249146e-01,9.267904609441757202e-02,-2.773557975888252258e-02
-2.184017747640609741e-02,1.749156787991523743e-02,3.981731832027435303e-02,6.396710127592086792e-02,5.126469209790229797e-02,4.147169739007949829e-02,3.798156231641769409e-02,2.979241870343685150e-02,6.284166127443313599e-03,9.199562668800354004e-02,-5.925565958023071289e-03,-2.504163049161434174e-02,8.332268334925174713e-03,7.262343075126409531e-03,9.073974564671516418e-03,-3.164575621485710144e-02,-5.898410081863403320e-02,8.402351289987564087e-03,1.933483779430389404e-02,3.196697309613227844e-02,1.052796542644500732e-01,-6.564738601446151733e-02,-8.766574412584304810e-02,2.407517470419406891e-02,3.639668598771095276e-02,-2.137188240885734558e-02,-1.145773474127054214e-02,-1.031694561243057251e-02,-8.884570561349391937e-03,-4.491508472710847855e-03,1.487909723073244095e-02,-4.338855296373367310e-02,-1.794043555855751038e-02,2.138794772326946259e-02,2.586200088262557983e-02,-7.138347253203392029e-03,3.178143501281738281e-02,7.879243791103363037e-02,3.787717223167419434e-02,3.068410791456699371e-02,5.280171707272529602e-02,-3.965386375784873962e-02,3.520359471440315247e-02,5.377509444952011108e-02,-1.083045848645269871e-03,-7.841480895876884460e-03,-4.112489521503448486e-02,4.607117548584938049e-02,5.085899308323860168e-02,7.256827503442764282e-02
