1.160568669438362122e-01,1.316872537136077881e-01,8.889456838369369507e-02,3.048418462276458740e-02,-8.659338206052780151e-02,5.057395994663238525e-02,-1.347846239805221558e-01,5.028098076581954956e-02,-1.977657899260520935e-02,6.831783801317214966e-02,-2.319089174270629883e-01,-1.495443880558013916e-01,7.369197160005569458e-02,6.143531296402215958e-03,-1.010560616850852966e-01,1.026463508605957031e-01,-9.104422479867935181e-02,-2.172735631465911865e-01,-2.203323692083358765e-01,6.194654479622840881e-02,-1.530819684267044067e-01,-1.831668168306350708e-01,4.365309700369834900e-02,-1.666743755340576172e-01,-1.034079045057296753e-01,-1.266881823539733887e-02,-1.851963102817535400e-01,7.299295812845230103e-02,-1.428906470537185669e-01,1.442759037017822266e-01
3.904661536216735840e-02,-4.153634654358029366e-04,1.211056485772132874e-02,-3.792183101177215576e-02,-3.788901260122656822e-03,-4.604043439030647278e-02,-8.320712298154830933e-02,-6.750190258026123047e-02,8.904410526156425476e-03,1.810534298419952393e-02,1.338722649961709976e-02,2.263336908072233200e-03,-5.107624083757400513e-02,-1.592307817190885544e-03,2.899370715022087097e-02,-3.586382791399955750e-02,-8.933911472558975220e-02,-8.411109447479248047e-03,-8.804560452699661255e-02,-9.312633424997329712e-02,7.555615156888961792e-02,7.654794305562973022e-02,2.082171477377414703e-02,-1.202222518622875214e-02,2.434929274022579193e-02,-3.831590991467237473e-03,-3.505742922425270081e-02,-2.117094583809375763e-02,-1.612229272723197937e-02,-6.374221295118331909e-02
-2.678357809782028198e-02,-1.179605838842689991e-03,-2.880890155211091042e-03,2.975382469594478607e-02,-8.254396729171276093e-03,-6.581120938062667847e-02,1.135549508035182953e-02,-5.353780090808868408e-02,3.929304331541061401e-02,-1.077206432819366455e-02,-3.437047079205513000e-02,-7.770368456840515137e-02,-4.072257876396179199e-02,5.907825659960508347e-03,-5.098328739404678345e-02,-7.300280034542083740e-02,-7.349479943513870239e-02,-7.598756253719329834e-02,-6.841693073511123657e-02,-7.093963027000427246e-02,-9.078199416399002075e-02,6.406547874212265015e-02,1.810723729431629181e-02,-8.483003824949264526e-02,-5.155657976865768433e-02,-1.505573000758886337e-02,-4.853514954447746277e-02,5.952694918960332870e-03,-3.663456812500953674e-02,-1.198581457138061523e-01
1.591290161013603210e-02,9.540701657533645630e-02,8.520939946174621582e-02,-2.123266272246837616e-02,1.325220894068479538e-02,1.018461808562278748e-01,-1.522544473409652710e-01,-8.453553891740739346e-04,-3.792474791407585144e-02,1.099278032779693604e-01,-2.293369621038436890e-01,-7.056736946105957031e-02,9.473558515310287476e-02,-1.242380496114492416e-02,-8.955669403076171875e-02,5.104734748601913452e-02,-6.256559491157531738e-02,-2.173842042684555054e-01,-1.870788335800170898e-01,3.417539224028587341e-02,-1.370773166418075562e-01,-1.822267323732376099e-01,2.319728955626487732e-02,-1.593567132949829102e-01,-1.661222279071807861e-01,-1.124670505523681641e-01,-2.759113535284996033e-02,3.253123909235000610e-02,-2.305426299571990967e-01,1.340379118919372559e-01
-2.548343501985073090e-02,-1.286781430244445801e-01,-4.061174392700195312e-02,-1.173279434442520142e-01,-7.335405796766281128e-02,-6.371844559907913208e-02,8.206746540963649750e-03,5.276489630341529846e-02,-4.515001550316810608e-02,-2.181029170751571655e-01,7.105203717947006226e-02,-1.937269791960716248e-02,-9.201762080192565918e-02,-1.053505204617977142e-02,1.197051033377647400e-01,-1.036715358495712280e-01,8.048391342163085938e-02,-2.125563658773899078e-02,-6.965027004480361938e-02,-5.141844600439071655e-02,-4.651210084557533264e-02,-1.189941633492708206e-02,-9.006877243518829346e-02,4.636734351515769958e-02,4.807133227586746216e-02,1.268666833639144897e-01,-9.726957976818084717e-02,2.818299643695354462e-02,-6.673249602317810059e-02,-1.028390154242515564e-01
7.632812112569808960e-02,9.324745833873748779e-02,4.395998641848564148e-02,-1.022595819085836411e-02,-4.124962538480758667e-02,4.741705581545829773e-02,-2.415598928928375244e-01,-2.006701752543449402e-02,3.468263149261474609e-02,4.811227694153785706e-02,-3.120204210281372070e-01,1.807210966944694519e-02,8.001010119915008545e-02,2.175181359052658081e-02,-3.757916763424873352e-02,3.092466108500957489e-02,6.377788633108139038e-02,-6.397192180156707764e-02,-3.328194096684455872e-02,4.779568314552307129e-02,-7.328361272811889648e-02,1.282780915498733521e-01,-6.258884817361831665e-02,-1.127623245120048523e-01,-1.551552116870880127e-01,-1.042094081640243530e-01,-1.399111151695251465e-01,6.982736289501190186e-02,-1.549404263496398926e-01,2.533200196921825409e-02
-9.902022033929824829e-02,-3.600856661796569824e-02,-1.059863120317459106e-01,-1.950273066759109497e-01,-1.468346081674098969e-02,-1.308880150318145752e-01,5.147347599267959595e-02,-2.454623579978942871e-02,8.529056794941425323e-03,-5.752459168434143066e-02,1.206948906183242798e-01,-3.274897858500480652e-02,-5.782267078757286072e-02,3.812407329678535461e-02,2.732266113162040710e-02,-3.662780299782752991e-02,9.113943576812744141e-02,7.285419851541519165e-02,2.693378552794456482e-02,-1.358966082334518433e-01,4.942006990313529968e-02,-2.746433764696121216e-02,-5.364259704947471619e-03,7.075196504592895508e-02,5.378482118248939514e-02,4.663706943392753601e-02,1.662471704185009003e-02,-1.011570543050765991e-01,3.820359334349632263e-02,1.054318062961101532e-02
-8.174566924571990967e-02,-8.730582147836685181e-02,6.947670131921768188e-02,-1.186799257993698120e-01,4.561501741409301758e-02,-5.508907511830329895e-02,-6.582200527191162109e-02,-4.600455239415168762e-02,-2.840744331479072571e-02,-2.125591635704040527e-01,6.209999322891235352e-03,2.624398469924926758e-02,-1.146835163235664368e-01,1.889789663255214691e-02,1.467224024236202240e-02,-1.572363823652267456e-01,-2.937406068667769432e-03,-3.544306382536888123e-03,-2.652361616492271423e-02,-1.849533766508102417e-01,4.489592835307121277e-02,4.092827439308166504e-04,-5.026148259639739990e-02,1.365613471716642380e-02,-1.692657545208930969e-02,1.051116175949573517e-02,3.656617552042007446e-02,2.298934198915958405e-02,5.320993438363075256e-02,7.131872233003377914e-03
-2.598018385469913483e-02,-1.100816763937473297e-02,-7.176015526056289673e-02,-2.278492785990238190e-02,1.790207345038652420e-03,-1.033434346318244934e-01,1.168424449861049652e-02,-8.571979589760303497e-03,-6.282201409339904785e-02,1.038769632577896118e-02,8.039047010242938995e-03,-4.591559618711471558e-02,-5.874753370881080627e-02,-2.134451083838939667e-02,-2.056476101279258728e-02,-9.688266366720199585e-02,-3.298062458634376526e-02,4.826520010828971863e-02,1.360519677400588989e-01,-3.344003856182098389e-02,-1.037947684526443481e-01,1.290623215027153492e-03,-4.281866177916526794e-02,1.713091880083084106e-02,1.695247739553451538e-02,-2.818482741713523865e-02,7.021529227495193481e-02,-2.934625931084156036e-02,9.120807982981204987e-03,-3.852070122957229614e-02
8.530899882316589355e-02,1.012188270688056946e-01,6.957701593637466431e-02,9.889479726552963257e-02,4.767485335469245911e-02,1.044027358293533325e-01,-8.929046243429183960e-02,-6.729243695735931396e-02,-1.185679137706756592e-01,1.268538236618041992e-01,-1.620662957429885864e-01,-1.147633120417594910e-01,7.422538846731185913e-02,8.435857482254505157e-03,9.723095595836639404e-02,1.410152614116668701e-01,-2.386958338320255280e-03,-1.774289309978485107e-01,-8.887182176113128662e-02,7.646445930004119873e-02,-3.825855255126953125e-02,9.624885022640228271e-02,1.801147870719432831e-02,-9.104187041521072388e-02,-1.401737630367279053e-01,-6.055707111954689026e-02,-7.468526065349578857e-02,4.358673468232154846e-02,2.407530881464481354e-02,1.124486848711967468e-01
1.029482930898666382e-01,-6.101910397410392761e-02,-2.479692548513412476e-02,-4.087148979306221008e-02,-1.206565462052822113e-02,7.825815118849277496e-03,-1.672478206455707550e-02,-6.919737905263900757e-02,3.210712166037410498e-04,-1.117212697863578796e-02,-5.613783374428749084e-02,2.980064833536744118e-03,-2.857191488146781921e-02,2.639766037464141846e-02,-2.630204427987337112e-03,-7.397616654634475708e-02,-3.311445191502571106e-02,-9.872155636548995972e-02,-6.967188324779272079e-03,-5.921704694628715515e-03,-5.668954923748970032e-02,4.000797122716903687e-02,8.600215427577495575e-03,-8.910765498876571655e-02,3.613731637597084045e-02,4.179427400231361389e-02,1.832331297919154167e-03,1.533323526382446289e-02,-3.223956748843193054e-02,-1.355346012860536575e-02
2.744588442146778107e-02,1.969267800450325012e-02,1.019061505794525146e-01,5.926484242081642151e-02,-8.379390090703964233e-02,7.721069455146789551e-02,-1.721129864454269409e-01,-2.767675928771495819e-02,3.892746567726135254e-02,4.618298634886741638e-02,-3.449772596359252930e-01,-3.820655494928359985e-02,-3.952344134449958801e-02,-8.047236129641532898e-03,-4.282681643962860107e-02,4.383081942796707153e-02,-5.039847455918788910e-03,-1.348716765642166138e-01,-2.149156630039215088e-01,3.346670791506767273e-02,-6.102506816387176514e-02,2.132299728691577911e-02,-1.072952076792716980e-01,-1.834781318902969360e-01,-3.105585575103759766e-01,-1.041546911001205444e-01,-1.158577948808670044e-01,9.690873324871063232e-02,-2.466290295124053955e-01,7.985723018646240234e-02
3.137649968266487122e-02,1.655749976634979248e-02,7.074893917888402939e-03,2.867109514772891998e-02,-3.545520082116127014e-02,-1.252450607717037201e-02,-5.123856291174888611e-02,-5.231970455497503281e-03,-1.891008168458938599e-01,3.963930159807205200e-02,-1.943208724260330200e-01,-9.229227900505065918e-02,4.071356728672981262e-02,-1.312921661883592606e-02,-1.219322532415390015e-02,5.346846207976341248e-02,-4.314615577459335327e-02,-7.758072763681411743e-02,-2.989762425422668457e-01,3.396092727780342102e-02,-2.002791613340377808e-01,-1.616890281438827515e-01,-1.515084784477949142e-02,-1.778378188610076904e-01,-1.665094047784805298e-01,-1.275140140205621719e-02,-3.018165230751037598e-01,5.163411423563957214e-02,-1.690405905246734619e-01,2.770446985960006714e-02
-9.191860258579254150e-02,-1.014591753482818604e-01,-1.420823205262422562e-02,-1.031947806477546692e-01,4.763633012771606445e-02,-4.818829894065856934e-02,-7.633462548255920410e-02,2.378607401624321938e-03,-3.176750987768173218e-02,-9.272125363349914551e-02,-3.353792801499366760e-02,4.658654704689979553e-02,-6.458021700382232666e-02,1.549714896827936172e-02,-1.038324385881423950e-01,-7.109408825635910034e-02,5.517817661166191101e-02,-2.181619219481945038e-02,-1.561103947460651398e-02,-7.991972565650939941e-02,6.104533001780509949e-02,-5.678476020693778992e-02,2.690299786627292633e-02,-2.457865141332149506e-02,-2.942613326013088226e-02,-5.336046218872070312e-03,-4.651051759719848633e-02,2.358612418174743652e-02,-1.631210371851921082e-02,-3.638131543993949890e-02
-7.514505088329315186e-02,-4.354490339756011963e-02,-8.114290982484817505e-02,-2.626939490437507629e-02,-1.375733595341444016e-02,-7.198863476514816284e-02,5.488020833581686020e-03,-1.464310940355062485e-02,6.101762410253286362e-04,-1.066652387380599976e-01,-3.516639396548271179e-02,5.186970904469490051e-02,-7.487361133098602295e-02,-2.460642158985137939e-02,1.084872037172317505e-01,-5.438727140426635742e-02,4.927266854792833328e-03,-2.153103798627853394e-02,1.067644171416759491e-02,-8.980143070220947266e-02,9.424175135791301727e-03,1.301138382405042648e-02,-5.581435747444629669e-03,-8.927049487829208374e-02,-1.270721703767776489e-01,-3.331297310069203377e-03,-1.221744716167449951e-01,-1.162903476506471634e-02,-6.982167810201644897e-02,-1.101003363728523254e-01
1.420356333255767822e-01,-1.340171135962009430e-02,8.520086854696273804e-02,-7.049051672220230103e-02,2.862933278083801270e-02,-5.343785509467124939e-02,6.255974620580673218e-02,-5.260549113154411316e-02,1.648714579641819000e-02,-2.758562378585338593e-02,5.225793644785881042e-02,-1.736546494066715240e-02,-7.228913158178329468e-02,4.818030633032321930e-03,-4.213989898562431335e-02,5.834420397877693176e-02,-4.034011811017990112e-02,-6.137670949101448059e-02,1.752380654215812683e-02,-7.956674695014953613e-02,-4.253289103507995605e-02,6.644263863563537598e-02,-2.284372039139270782e-02,2.263091690838336945e-02,-1.019316352903842926e-02,-2.281599678099155426e-02,-1.724590808153152466e-01,1.072285622358322144e-01,7.022655755281448364e-02,3.678766638040542603e-02
-8.569870144128799438e-02,5.542443320155143738e-02,5.317163188010454178e-03,-2.293376252055168152e-02,-2.579740062355995178e-02,-3.047156706452369690e-02,-2.620925754308700562e-02,5.479337275028228760e-02,-5.291263386607170105e-02,-6.084287166595458984e-02,-4.191837832331657410e-02,-2.034498564898967743e-02,-5.487412959337234497e-02,-1.948062889277935028e-02,-5.717634037137031555e-02,-8.593861013650894165e-02,-4.383852705359458923e-02,1.753229461610317230e-02,-1.923095993697643280e-02,-8.124251663684844971e-02,-1.001402139663696289e-01,-5.388358980417251587e-02,-4.546274244785308838e-02,1.195602957159280777e-02,-7.219285517930984497e-02,-2.194955758750438690e-02,-5.155428871512413025e-02,-1.004336983896791935e-03,-2.614771015942096710e-02,-5.412462726235389709e-02
-1.660620719194412231e-01,-7.176620513200759888e-02,-1.078775897622108459e-01,-1.602420508861541748e-01,-1.197592209791764617e-04,-8.317717909812927246e-02,-3.167493641376495361e-02,1.110447291284799576e-02,-7.139679789543151855e-02,-8.510423451662063599e-02,9.726121788844466209e-04,7.349920272827148438e-02,-7.301145792007446289e-02,-1.789167150855064392e-02,-5.076530948281288147e-02,-8.846639841794967651e-02,3.050505742430686951e-02,-3.636523336172103882e-02,-5.920894071459770203e-02,-1.071214228868484497e-01,-1.596895977854728699e-03,-2.183699980378150940e-02,-7.159030437469482422e-02,5.348251760005950928e-02,-4.252349026501178741e-03,-2.321975678205490112e-02,2.016331767663359642e-03,-8.953904360532760620e-02,1.771768927574157715e-02,-5.572580918669700623e-02
9.150149673223495483e-02,1.063684895634651184e-01,4.733989387750625610e-02,-3.552383556962013245e-02,-3.870747238397598267e-02,2.090773778036236763e-04,-2.073608525097370148e-02,-3.318885713815689087e-02,9.182908572256565094e-03,-1.381605677306652069e-02,1.276419963687658310e-02,-9.076503664255142212e-02,3.106558136641979218e-02,-1.151710096746683121e-02,8.158687502145767212e-03,1.243583783507347107e-01,1.305391266942024231e-02,-7.152424007654190063e-02,-1.936871744692325592e-02,7.100592553615570068e-02,3.500096872448921204e-02,-6.301300972700119019e-02,1.893690042197704315e-02,-1.073783822357654572e-02,7.077321410179138184e-02,-5.003542453050613403e-02,-2.749685011804103851e-02,5.495897680521011353e-02,6.018744409084320068e-02,2.979412116110324860e-02
1.416341401636600494e-02,1.162941567599773407e-02,-3.688424825668334961e-02,-1.937296614050865173e-02,-2.298651635646820068e-02,-4.063521698117256165e-02,-2.756841480731964111e-02,-2.012476325035095215e-02,3.573919832706451416e-02,-5.238682404160499573e-02,-5.341195315122604370e-02,-5.068616569042205811e-02,-3.715253248810768127e-02,2.658070623874664307e-02,6.639742851257324219e-02,4.319245461374521255e-03,3.685616701841354370e-02,1.142720505595207214e-01,-2.190627716481685638e-02,-1.110709458589553833e-01,-2.562646754086017609e-02,1.749465428292751312e-02,2.129919361323118210e-03,1.661483943462371826e-02,3.787692636251449585e-03,9.377459995448589325e-03,-3.878093510866165161e-02,-9.148120880126953125e-02,-3.702687472105026245e-02,-1.350193191319704056e-02
-4.957676678895950317e-02,2.303970418870449066e-02,-5.373308807611465454e-02,8.367630653083324432e-03,3.714955970644950867e-02,2.923265844583511353e-02,1.046928688883781433e-01,-4.136986657977104187e-02,1.129890326410531998e-02,2.974775992333889008e-02,1.848673820495605469e-02,1.894085481762886047e-02,-1.928723789751529694e-02,-3.822771832346916199e-03,2.390319295227527618e-02,4.139153659343719482e-02,-2.577050216495990753e-02,-9.780570119619369507e-02,3.227687254548072815e-02,1.095377592719160020e-04,-1.102519929409027100e-01,1.836702972650527954e-02,4.814372863620519638e-03,-2.313681691884994507e-02,4.886109009385108948e-02,3.974157944321632385e-02,5.820217356085777283e-02,-6.398357450962066650e-02,-1.589412055909633636e-02,-3.436014428734779358e-02
-1.710841618478298187e-02,-2.389064058661460876e-02,-9.637402743101119995e-02,-4.467158019542694092e-02,3.526723757386207581e-02,-2.172389179468154907e-01,3.567595779895782471e-02,6.480819731950759888e-02,3.864664211869239807e-02,-7.030792534351348877e-02,9.282317943871021271e-03,-7.457495480775833130e-02,-1.727762371301651001e-01,-5.342650227248668671e-03,-5.276262387633323669e-02,-9.404581040143966675e-02,5.412762984633445740e-02,2.813871763646602631e-02,-7.155940402299165726e-03,-7.600935548543930054e-02,2.356773242354393005e-02,2.955071814358234406e-02,-3.161797672510147095e-02,-5.114172399044036865e-02,-9.981811791658401489e-02,6.178463250398635864e-02,-5.503622069954872131e-02,-1.099001616239547729e-01,6.950992159545421600e-03,-1.607130914926528931e-01
-1.683362387120723724e-02,-8.191131055355072021e-02,1.802382618188858032e-02,-1.208636239171028137e-01,-4.454982466995716095e-03,-3.754454478621482849e-02,3.524767607450485229e-02,4.379079863429069519e-02,-2.801381610333919525e-02,-1.652325876057147980e-02,-2.262955764308571815e-03,5.030480027198791504e-02,-1.276483982801437378e-01,-1.919023506343364716e-02,1.033924445509910583e-01,-1.337078213691711426e-01,5.624631792306900024e-02,3.398006409406661987e-02,5.923195928335189819e-02,-4.199408367276191711e-02,8.709560148417949677e-03,-1.776644960045814514e-02,7.136298809200525284e-03,6.412234157323837280e-02,5.638160556554794312e-02,2.638866938650608063e-02,1.179900243878364563e-01,2.559123374521732330e-02,-2.433042600750923157e-02,-1.256039645522832870e-02
-1.567150950431823730e-01,-3.135973960161209106e-02,-1.041052639484405518e-01,-1.344495713710784912e-01,-9.418686851859092712e-03,-1.233289316296577454e-01,7.028591819107532501e-03,1.779019460082054138e-02,-9.194962680339813232e-02,-1.218214333057403564e-01,-1.878994982689619064e-03,5.238674581050872803e-02,-6.817843019962310791e-02,-8.039595559239387512e-03,-3.130570799112319946e-02,-9.316349774599075317e-02,2.949938178062438965e-02,1.649356819689273834e-02,1.905165798962116241e-02,-4.297055304050445557e-02,4.144634306430816650e-02,-1.354821920394897461e-01,-9.387149475514888763e-03,-5.429443344473838806e-02,-3.028736636042594910e-02,4.937354940921068192e-03,-3.564705699682235718e-02,-1.138195842504501343e-01,-5.573451146483421326e-02,-6.256382167339324951e-02
7.354629039764404297e-02,1.208969131112098694e-01,6.455744057893753052e-02,6.262594461441040039e-02,-3.452578186988830566e-02,2.097232639789581299e-02,-7.172723114490509033e-02,-8.621957898139953613e-02,-8.970979601144790649e-02,6.734523177146911621e-02,-3.862055763602256775e-02,9.433268010616302490e-02,-2.544855698943138123e-02,-6.414658855646848679e-03,-2.165482193231582642e-01,7.467674463987350464e-02,1.414922624826431274e-02,2.288282290101051331e-02,-5.062599852681159973e-02,7.404093444347381592e-02,-6.269695609807968140e-02,6.394098512828350067e-03,2.046520821750164032e-02,-6.408382952213287354e-02,-1.074739098548889160e-01,-5.293382704257965088e-02,-1.349789947271347046e-01,1.596439480781555176e-01,-6.130046024918556213e-02,8.388428250327706337e-04
3.552802279591560364e-02,5.064658448100090027e-02,8.432804793119430542e-02,3.899447619915008545e-04,-4.088885150849819183e-03,5.969239864498376846e-03,5.652064085006713867e-02,-1.544328629970550537e-01,-1.471410542726516724e-01,7.852230966091156006e-02,-1.077733486890792847e-01,-1.517967879772186279e-01,-5.002193502150475979e-04,-1.197053957730531693e-02,-8.332990109920501709e-03,3.335343673825263977e-02,-6.082400679588317871e-02,-1.091916263103485107e-01,-1.957115978002548218e-01,7.357337325811386108e-02,-1.511960625648498535e-01,-9.536643326282501221e-02,-5.328095704317092896e-02,-1.282740682363510132e-01,-2.154564857482910156e-02,-2.138615213334560394e-02,-1.575060933828353882e-01,-4.666659515351057053e-03,-1.536662727594375610e-01,5.068048089742660522e-02
9.914832562208175659e-02,2.292751334607601166e-02,4.730026051402091980e-02,-1.803311705589294434e-02,1.857288763858377934e-03,1.287155896425247192e-01,7.075752597302198410e-03,-3.994304686784744263e-02,-2.481284551322460175e-02,2.430988103151321411e-02,-2.190726697444915771e-01,-4.463363066315650940e-02,6.377433240413665771e-02,1.226051896810531616e-02,-7.248650491237640381e-02,2.160114049911499023e-02,-1.507375538349151611e-01,-1.383208036422729492e-01,-2.394234687089920044e-01,4.767774417996406555e-02,-1.612856686115264893e-01,5.205793771892786026e-03,3.013306530192494392e-03,-4.921229556202888489e-02,-1.147359833121299744e-01,-3.884193301200866699e-02,-2.569707334041595459e-01,5.007710307836532593e-02,-6.862787902355194092e-02,7.540624588727951050e-02
5.753747001290321350e-02,1.683652549982070923e-01,7.080861926078796387e-02,6.451258808374404907e-02,-1.923927688039839268e-03,3.966379538178443909e-02,-4.134785383939743042e-02,1.029374636709690094e-02,-7.607867568731307983e-02,3.898094594478607178e-02,-8.954901993274688721e-02,-1.379890888929367065e-01,8.811271190643310547e-02,-1.444954192265868187e-03,-1.650714129209518433e-01,8.452721685171127319e-02,1.185105764307081699e-03,-3.926162421703338623e-02,-6.467797607183456421e-02,5.732299014925956726e-02,-1.955724060535430908e-01,-1.731493622064590454e-01,-5.791401024907827377e-03,-2.132790908217430115e-02,-1.996382772922515869e-01,-1.039269194006919861e-01,-4.925481230020523071e-02,9.499050676822662354e-02,-1.353545188903808594e-01,1.457694470882415771e-01
-4.496377706527709961e-02,-1.112267449498176575e-01,-9.206467121839523315e-02,-1.049333959817886353e-01,9.109284728765487671e-02,-2.267701923847198486e-01,2.379874326288700104e-02,1.223659608513116837e-02,3.092717565596103668e-02,-2.321262508630752563e-01,-2.340774051845073700e-02,2.500619739294052124e-03,-7.206631451845169067e-02,1.293521723710000515e-03,8.524023927748203278e-03,-2.295998781919479370e-01,7.648908346891403198e-02,-2.336264401674270630e-02,1.156705897301435471e-02,-1.900377720594406128e-01,-3.826015442609786987e-02,3.496917709708213806e-02,-1.376854348927736282e-02,1.745388470590114594e-02,1.098406966775655746e-03,-2.320676576346158981e-03,2.223095297813415527e-02,-2.219378575682640076e-02,4.543929360806941986e-03,-8.563122898340225220e-02
-8.101820945739746094e-02,-1.869022264145314693e-03,-1.829706318676471710e-02,-2.270438335835933685e-02,6.106379628181457520e-02,4.311784729361534119e-02,4.803346842527389526e-02,-5.223516002297401428e-02,4.125501029193401337e-03,-4.793094098567962646e-02,-1.047749351710081100e-02,-8.813468366861343384e-02,-6.533055007457733154e-02,-1.546248048543930054e-02,3.657994791865348816e-02,5.147550255060195923e-03,-7.799828797578811646e-02,-9.471067041158676147e-02,-2.421590872108936310e-02,-1.811256818473339081e-02,-5.842035263776779175e-02,1.550077740103006363e-02,1.415662281215190887e-02,-1.549645233899354935e-02,2.501624263823032379e-02,1.119475532323122025e-02,-1.694838982075452805e-03,-4.289079830050468445e-02,3.868089243769645691e-02,-4.086796939373016357e-02
-2.435576915740966797e-02,5.514871329069137573e-02,2.359239943325519562e-02,-2.498986199498176575e-03,-8.319051004946231842e-03,-9.237323887646198273e-03,-3.579000942409038544e-03,-1.111569721251726151e-02,-2.066251635551452637e-02,-4.911542404443025589e-03,-3.457004576921463013e-02,-7.126989215612411499e-02,-2.717345766723155975e-02,1.451392006129026413e-02,-2.272073179483413696e-02,4.037442430853843689e-02,-2.955507300794124603e-02,-6.851620227098464966e-02,3.360526869073510170e-03,4.186971485614776611e-02,-8.263114839792251587e-03,1.400591526180505753e-02,-1.096497173421084881e-03,-5.241486430168151855e-02,-7.953839749097824097e-02,1.445317547768354416e-02,-1.035037636756896973e-01,2.985962852835655212e-02,3.133632615208625793e-02,4.325685277581214905e-02
-3.321250900626182556e-02,-7.905567437410354614e-02,1.139280293136835098e-02,-6.333876401185989380e-02,-7.996395230293273926e-03,-4.150409623980522156e-02,-1.688393065705895424e-03,-1.045218259096145630e-01,4.222975298762321472e-02,-4.232867807149887085e-02,2.476735226809978485e-02,-3.615289181470870972e-02,-1.049796864390373230e-01,1.651193364523351192e-03,-5.786774680018424988e-02,-1.990704983472824097e-02,-4.530875012278556824e-02,3.115437179803848267e-02,3.775732219219207764e-02,-6.703514605760574341e-02,6.185305118560791016e-02,-3.187716379761695862e-02,6.884851492941379547e-03,9.419525158591568470e-04,-6.496996432542800903e-02,3.637007251381874084e-02,-2.532013691961765289e-02,-1.444043777883052826e-02,-9.062871336936950684e-03,-9.799437969923019409e-02
1.380912363529205322e-01,8.003173023462295532e-02,1.000378057360649109e-01,6.168208271265029907e-02,1.784204505383968353e-02,-1.589706540107727051e-02,2.124291146174073219e-03,-1.019880026578903198e-01,-1.234884634613990784e-01,2.722072228789329529e-02,-7.202605158090591431e-02,-9.624350816011428833e-02,4.212888702750205994e-02,-1.565380953252315521e-02,-8.724864572286605835e-02,2.838506363332271576e-02,-1.636381000280380249e-01,-9.929770976305007935e-02,-1.083334386348724365e-01,6.034500524401664734e-02,-9.281652420759201050e-02,-1.259689927101135254e-01,-5.949251353740692139e-02,-1.257416456937789917e-01,-9.906915575265884399e-02,-2.684066817164421082e-02,-1.398447602987289429e-01,4.464356973767280579e-02,-9.356668591499328613e-02,3.433623909950256348e-02
8.223260194063186646e-02,-1.033662855625152588e-01,4.361672326922416687e-02,-9.973578155040740967e-02,-8.974814414978027344e-02,-2.042209915816783905e-02,8.044353872537612915e-02,2.926327846944332123e-02,-5.511335283517837524e-02,-1.045489013195037842e-01,-3.933671116828918457e-02,-2.209805697202682495e-02,-1.254000961780548096e-01,-6.580787245184183121e-03,3.966352343559265137e-02,-9.548198431730270386e-02,2.408377267420291901e-02,-5.563816800713539124e-02,-1.088377367705106735e-02,-8.270344883203506470e-02,-2.201756462454795837e-02,-1.191367879509925842e-01,-5.338517948985099792e-03,-6.708792876452207565e-03,-9.953644126653671265e-03,6.745800375938415527e-02,1.421727053821086884e-02,6.256661564111709595e-02,-8.341664448380470276e-03,3.262855112552642822e-02
-6.569245457649230957e-02,4.702755436301231384e-02,-4.725117981433868408e-02,1.466365763917565346e-03,2.279642969369888306e-02,1.435486949048936367e-03,-6.963194813579320908e-03,4.223669692873954773e-02,1.278668548911809921e-02,4.868835210800170898e-02,5.853243172168731689e-02,3.258463367819786072e-02,1.740846224129199982e-02,5.895984172821044922e-02,-3.263151645660400391e-02,-4.925989545881748199e-03,4.671375080943107605e-02,7.997607439756393433e-02,-2.027695067226886749e-02,-4.913558438420295715e-02,2.831840887665748596e-02,2.692673355340957642e-02,-6.193364784121513367e-02,6.718100607395172119e-02,-7.238622754812240601e-02,1.971855387091636658e-02,3.049242869019508362e-02,-1.348421326838433743e-03,6.384351849555969238e-02,-3.854973940178751945e-03
-2.841536141932010651e-02,-5.723344534635543823e-02,-1.281108260154724121e-01,-9.582760185003280640e-02,1.314233243465423584e-02,-1.343704760074615479e-01,7.761317491531372070e-02,2.557407692074775696e-02,6.114789471030235291e-02,-9.131246805191040039e-02,-2.492603845894336700e-02,2.778801508247852325e-02,-1.052870079874992371e-01,4.386834800243377686e-03,-4.723872058093547821e-03,-3.535113111138343811e-02,8.374798297882080078e-02,1.261752843856811523e-01,1.879449188709259033e-02,-1.834164559841156006e-01,4.728585854172706604e-02,1.968060806393623352e-02,3.793685697019100189e-03,4.500658810138702393e-02,7.505466043949127197e-02,4.371765255928039551e-02,-9.224242717027664185e-02,-1.262141466140747070e-01,4.434378817677497864e-02,7.464079186320304871e-03
-6.260206550359725952e-02,-2.350636422634124756e-01,-1.492010429501533508e-02,-1.568724513053894043e-01,1.371929142624139786e-02,-1.496740132570266724e-01,-3.113982453942298889e-02,-5.112813785672187805e-03,-3.863398358225822449e-02,-2.140616178512573242e-01,-6.483533885329961777e-03,1.007300317287445068e-01,-1.049711629748344421e-01,-4.257551208138465881e-02,-4.424972459673881531e-02,-1.518074870109558105e-01,2.890070714056491852e-02,9.351018071174621582e-02,-7.971592247486114502e-02,-1.024725213646888733e-01,6.059662625193595886e-02,1.761304587125778198e-02,2.141509763896465302e-02,-1.898133382201194763e-02,-1.208956353366374969e-03,-1.986986258998513222e-03,-3.671017475426197052e-03,-6.560403108596801758e-02,1.576706394553184509e-02,-6.777086853981018066e-02
1.274706609547138214e-02,1.313581168651580811e-01,1.759791746735572815e-02,3.614525496959686279e-02,-3.057935647666454315e-02,1.866352930665016174e-02,-2.734711579978466034e-02,-3.008695691823959351e-02,2.110124565660953522e-02,-5.493015516549348831e-03,1.949178869836032391e-03,-1.089052483439445496e-01,4.758615419268608093e-02,8.195211179554462433e-03,-9.708257764577865601e-02,-1.664766855537891388e-02,-1.009933054447174072e-01,-4.917781054973602295e-02,8.378723263740539551e-02,5.597370117902755737e-02,-1.026751473546028137e-01,-3.243315732106566429e-03,-3.371801227331161499e-03,-1.073934435844421387e-01,-1.548578497022390366e-02,6.452755071222782135e-03,4.199042171239852905e-02,7.094399631023406982e-02,-2.225236780941486359e-02,7.754572201520204544e-03
-1.659500226378440857e-02,-5.169055610895156860e-02,7.334333378821611404e-03,-7.398573681712150574e-03,1.376783940941095352e-02,-6.546694785356521606e-02,-2.925544790923595428e-02,1.207702513784170151e-02,-1.293581444770097733e-02,2.196801453828811646e-02,5.847865715622901917e-02,2.037541009485721588e-02,-1.867315731942653656e-02,4.587716609239578247e-02,-1.403631083667278290e-02,-4.631507024168968201e-02,1.151592563837766647e-02,-2.531313570216298103e-03,8.768711984157562256e-02,-6.336832046508789062e-02,1.711977645754814148e-02,2.830361761152744293e-02,-1.623119786381721497e-02,4.994435608386993408e-02,7.485058903694152832e-02,4.162137955427169800e-02,2.800969593226909637e-02,-1.358756273984909058e-01,2.830917946994304657e-02,-5.416275933384895325e-02
7.456779479980468750e-02,-5.643501877784729004e-02,5.633039399981498718e-03,1.762319728732109070e-02,-1.105574965476989746e-01,-4.837878793478012085e-02,-1.945914179086685181e-01,-7.719174027442932129e-02,-2.036650292575359344e-02,-1.805725507438182831e-02,-1.957791596651077271e-01,-5.110314115881919861e-02,-3.321010991930961609e-02,-9.389338083565235138e-03,-3.761842148378491402e-03,2.240611938759684563e-03,-4.581703618168830872e-02,2.084272168576717377e-02,-1.061210930347442627e-01,-1.753155491314828396e-03,3.919770196080207825e-02,-1.926174736581742764e-03,-2.779232151806354523e-02,-4.441123083233833313e-02,-8.602063357830047607e-02,-3.228494897484779358e-02,-8.027382940053939819e-02,1.174164563417434692e-02,-3.592021064832806587e-03,4.935061186552047729e-02
2.632112614810466766e-02,-5.075451917946338654e-03,8.051481097936630249e-03,3.806990012526512146e-02,-1.322232186794281006e-01,5.705338343977928162e-02,-8.212181180715560913e-02,8.722627162933349609e-02,-3.195695206522941589e-02,2.317173872143030167e-03,-3.228313922882080078e-01,-6.363846361637115479e-02,6.470020860433578491e-02,-4.206880461424589157e-03,2.877698838710784912e-02,2.026444487273693085e-02,-8.796254545450210571e-02,-2.827234566211700439e-01,-1.878667175769805908e-01,3.492012992501258850e-02,-1.932999193668365479e-01,-2.395513504743576050e-01,2.199327945709228516e-02,-1.008706986904144287e-01,-1.054336577653884888e-01,1.630871184170246124e-02,-8.172101527452468872e-02,2.151362970471382141e-02,-2.117253392934799194e-01,2.761447429656982422e-02
1.022304296493530273e-01,1.391458958387374878e-01,1.351195722818374634e-01,5.575649067759513855e-02,1.442024670541286469e-02,9.628582745790481567e-02,-3.979561477899551392e-02,-3.898818045854568481e-02,-1.030178088694810867e-02,1.620558053255081177e-01,-1.015322729945182800e-01,-1.606354564428329468e-01,9.380436688661575317e-02,-2.356539666652679443e-02,-8.219245076179504395e-02,1.417798548936843872e-01,3.490895032882690430e-03,-1.292817890644073486e-01,-8.680564910173416138e-02,1.313979774713516235e-01,-1.544975861907005310e-02,-3.628848865628242493e-02,-2.222931012511253357e-03,-6.532830744981765747e-02,-1.067205071449279785e-01,-5.066255852580070496e-02,-1.112119629979133606e-01,1.047714576125144958e-01,-2.398365437984466553e-01,3.542506322264671326e-02
-8.605809509754180908e-02,5.692526325583457947e-02,-3.868639469146728516e-02,-4.991556704044342041e-02,-5.121123045682907104e-03,-4.394147917628288269e-02,7.516428828239440918e-03,-2.336188033223152161e-02,-1.887119561433792114e-02,-2.635623328387737274e-02,6.224665325134992599e-03,-3.619924560189247131e-02,2.243810333311557770e-02,-3.668368607759475708e-02,7.097061723470687866e-03,-7.968962937593460083e-02,-5.542203411459922791e-02,4.078580066561698914e-02,2.290786430239677429e-02,-4.379229247570037842e-02,7.330699265003204346e-02,4.814747348427772522e-02,-5.053786560893058777e-03,1.450000423938035965e-02,-3.152098134160041809e-02,4.375874623656272888e-02,1.642105728387832642e-02,1.500681042671203613e-02,-9.059429168701171875e-03,4.203851893544197083e-02
1.609243825078010559e-02,5.311761517077684402e-03,6.955190002918243408e-02,-1.326685491949319839e-02,-8.922138065099716187e-02,6.419169902801513672e-02,-8.121667802333831787e-02,4.583436995744705200e-02,-5.494112893939018250e-02,1.419840306043624878e-01,-4.158594906330108643e-01,1.781157962977886200e-02,1.841550506651401520e-02,-2.351223025470972061e-03,-1.063753068447113037e-01,3.179101645946502686e-02,-6.482233293354511261e-03,-3.389405906200408936e-01,-7.630481570959091187e-02,8.655602112412452698e-03,-1.804920285940170288e-01,-1.096609979867935181e-01,-3.941071778535842896e-02,-2.432410418987274170e-01,-2.020692676305770874e-01,3.383783623576164246e-02,-1.035814881324768066e-01,6.608997285366058350e-02,-2.493291944265365601e-01,6.820828467607498169e-02
-5.591621249914169312e-02,3.768927976489067078e-02,-6.750122457742691040e-02,-5.726271867752075195e-02,-7.979245483875274658e-02,-6.228045374155044556e-02,-7.139542698860168457e-02,-7.765400223433971405e-04,-1.404456887394189835e-02,5.993372201919555664e-02,-7.636957615613937378e-02,-7.369253039360046387e-02,1.888812333345413208e-02,1.202347222715616226e-02,-4.324602335691452026e-02,-2.549050375819206238e-02,6.081030517816543579e-02,6.827159225940704346e-02,6.632202770560979843e-03,-5.633939802646636963e-02,-8.629990369081497192e-02,-5.165009200572967529e-02,-3.126361593604087830e-02,-2.266299910843372345e-02,-4.511694237589836121e-02,5.340571328997612000e-02,-5.530095472931861877e-02,-2.269290760159492493e-02,-1.322957128286361694e-02,-3.322031348943710327e-02
-1.688926517963409424e-01,-1.821055412292480469e-01,-1.010512635111808777e-01,-1.496367305517196655e-01,-6.464780122041702271e-02,-1.348082721233367920e-01,4.241406917572021484e-02,7.181806117296218872e-02,-8.799117803573608398e-02,-7.819794863462448120e-02,9.289359673857688904e-03,5.371880531311035156e-02,-5.365560203790664673e-02,-1.489105075597763062e-02,-2.989162132143974304e-02,-1.681994050741195679e-01,7.190096657723188400e-04,-2.849335223436355591e-02,3.013961389660835266e-02,-1.868565827608108521e-01,-2.587420307099819183e-02,-7.298303395509719849e-02,-5.602826550602912903e-02,1.906304061412811279e-02,1.151287183165550232e-02,3.470475971698760986e-02,2.687317691743373871e-02,-1.108109578490257263e-01,4.600245971232652664e-03,-1.371213793754577637e-01
1.447851769626140594e-02,3.288643807172775269e-02,8.121445775032043457e-02,-1.461599301546812057e-02,-2.641895553097128868e-03,8.955122530460357666e-02,-9.256145916879177094e-03,-4.180363938212394714e-02,-5.130853969603776932e-03,8.715828508138656616e-02,2.250500209629535675e-02,-2.665945328772068024e-03,-1.465273275971412659e-02,-1.661827089264988899e-03,2.605150826275348663e-02,6.774955987930297852e-02,1.413408573716878891e-02,-4.705186933279037476e-03,-4.267050325870513916e-02,-2.314130216836929321e-02,-1.938428729772567749e-02,-1.874313876032829285e-02,4.544899612665176392e-02,-4.192381352186203003e-02,-3.353086858987808228e-02,-2.332759834825992584e-02,-6.084046885371208191e-02,5.869194492697715759e-02,-8.301107212901115417e-03,5.240494012832641602e-02
9.036576747894287109e-02,1.372434198856353760e-02,2.240527234971523285e-02,2.117431908845901489e-02,-1.512892544269561768e-02,1.232491433620452881e-02,-9.171006083488464355e-02,-2.300810255110263824e-02,1.579281128942966461e-02,2.095378562808036804e-02,-8.052696287631988525e-02,-4.681437462568283081e-02,9.380466490983963013e-02,-1.024622377008199692e-02,-7.949052006006240845e-02,3.044878598302602768e-03,-7.424395531415939331e-02,6.883253157138824463e-02,-8.375256508588790894e-02,7.120036333799362183e-02,4.149540886282920837e-02,-2.486214973032474518e-02,-5.724500492215156555e-02,-2.335680276155471802e-01,-1.056332811713218689e-01,-8.965333551168441772e-02,-1.426164358854293823e-01,-3.735615685582160950e-02,-2.577823996543884277e-01,-1.598040759563446045e-02
-4.299158602952957153e-02,-1.014331057667732239e-01,-7.007874548435211182e-02,-4.875131696462631226e-02,-4.627586156129837036e-02,-1.506711989641189575e-01,1.426257565617561340e-02,-2.184619754552841187e-02,1.443430501967668533e-02,-7.599952816963195801e-02,4.039607942104339600e-02,5.073115602135658264e-02,-1.016171649098396301e-01,3.910717554390430450e-03,-4.247116670012474060e-02,-1.191315874457359314e-01,1.794556155800819397e-02,-8.058229088783264160e-02,-7.009527832269668579e-02,-1.191598996520042419e-01,-5.814077705144882202e-02,9.076758474111557007e-02,1.009854767471551895e-02,3.632590174674987793e-02,-2.238518930971622467e-02,5.726868286728858948e-02,-1.640102416276931763e-01,-1.500459760427474976e-01,1.182027393952012062e-03,-9.442390501499176025e-02
7.143685221672058105e-02,1.101354435086250305e-01,6.107006594538688660e-02,5.366849526762962341e-02,-1.405823696404695511e-02,5.276662856340408325e-02,-1.307580769062042236e-01,-7.473447173833847046e-02,-2.744812704622745514e-02,1.172202154994010925e-01,-2.509962320327758789e-01,-7.998446375131607056e-02,8.334718644618988037e-02,-8.310956764034926891e-04,-6.035412847995758057e-02,5.862341448664665222e-02,-4.279505833983421326e-02,-2.072549164295196533e-01,-5.777670070528984070e-02,2.201337926089763641e-02,-7.338606566190719604e-02,2.980247884988784790e-02,-9.370654076337814331e-02,-1.283407211303710938e-01,-1.447890400886535645e-01,-5.273075029253959656e-02,-1.792794615030288696e-01,1.360674574971199036e-02,-2.023539096117019653e-01,5.806354805827140808e-02
